NO,조사구분,조사구역,시료채취일,시료구분,심도,깊이,토지이용도,지목,원래지목,지점명,시료명,"Cd
(mg/kg)","Cu
(mg/kg)","As
(mg/kg)","Hg
(mg/kg)","Pb
(mg/kg)","Cr6+
(mg/kg)","Zn
(mg/kg)","Ni
(mg/kg)","F
(mg/kg)","유기인화합물
(mg/kg)","PCBs
(mg/kg)","CN
(mg/kg)","Phenol
(mg/kg)","Pentachlorophenol
(mg/kg)","Benzene
(mg/kg)","Toluene
(mg/kg)","Ethylbenzene
(mg/kg)","Xylene
(mg/kg)","TPH
(mg/kg)","TCE
(mg/kg)","PCE
(mg/kg)","1,2DCA
(mg/kg)","BaP
(mg/kg)",Dioxin,pH
1,A,울산울주,2025.10.15,최초,1,0-0.15,법정지목,1지역,2지역,UJS-A001,UJS-A001-01,0,10.3,5.01,0,11,0,56.8,20.4,,,,,,,,,,,,,,,,,
2,A,울산울주,2025.10.15,최초,1,0-0.15,법정지목,1지역,1지역,UJS-A011,UJS-A011-01,0,14.9,7.24,0,24.1,0,145.7,17.9,,,,,,,,,,,,,,,,,
3,A,울산울주,2025.10.15,최초,1,0-0.15,법정지목,1지역,2지역,UJS-A014,UJS-A014-01,,,,,,,,,,,,,,,0,0,0,0,0,,,,,,
4,A,울산울주,2025.10.15,최초,1,0-0.15,법정지목,1지역,2지역,UJS-A021,UJS-A021-01,,,,,,,,,,,0,,,,,,,,,,,,,,
5,A,울산울주,2025.10.15,최초,1,0-0.15,법정지목,1지역,2지역,UJS-A022,UJS-A022-01,,,,,,,,,,,,,,s,0,0,0,0,0,,,,,,
6,A,울산울주,2025.10.15,최초,1,0-0.15,법정지목,1지역,2지역,UJS-A028,UJS-A028-01,,,,,,,,,,,,,,,0,0,0,0,0,,,,,,
7,A,울산울주,2025.10.15,최초,1,0-0.15,법정지목,1지역,2지역,UJS-A029,UJS-A029-01,,,,,,,,,,,,,,,0,0,0,0,0,,,,,,
8,A,울산울주,2025.10.15,최초,1,0-0.15,법정지목,1지역,2지역,UJS-A030,UJS-A030-01,,,,,,,,,,,,,,,0,0,0,0,0,,,,,,
9,A,울산울주,2025.10.15,최초,1,0-0.15,법정지목,1지역,2지역,UJS-A031,UJS-A031-01,,,,,,,,,,,,,,,0,0,0,0,0,,,,,,
10,A,울산울주,2025.10.15,최초,1,0-0.15,법정지목,1지역,2지역,UJS-A032,UJS-A032-01,,,,,,,,,,,,,,,0,0,0,0,0,,,,,,
11,A,울산울주,2025.10.15,최초,1,0-0.15,법정지목,1지역,2지역,UJS-A033,UJS-A033-01,,,,,,,,,,,,,,,0,0,0,0,0,,,,,,
12,A,울산울주,2025.10.15,최초,1,0-0.15,법정지목,1지역,2지역,UJS-A034,UJS-A034-01,,,,,,,,,,,,,,,0,0,0,0,0,,,,,,
13,A,울산울주,2025.10.15,최초,1,0-0.15,법정지목,1지역,2지역,UJS-A036,UJS-A036-01,,,,,,,,,,,,,,,0,0,0,0,0,,,,,,
14,A,울산울주,2025.10.15,최초,1,0-0.15,법정지목,1지역,2지역,UJS-A037,UJS-A037-01,,,,,,,,,,,,,,,0,0,0,0,0,,,,,,
15,A,울산울주,2025.10.15,최초,1,0-0.15,법정지목,1지역,2지역,UJS-A038,UJS-A038-01,,,,,,,,,,,,,,,0,0,0,0,0,,,,,,
16,A,울산울주,2025.10.15,최초,1,0-0.15,법정지목,1지역,2지역,UJS-A039,UJS-A039-01,,,,,,,,,,,,,,,0,0,0,0,0,,,,,,
17,A,울산울주,2025.10.15,최초,1,0-0.15,법정지목,1지역,2지역,UJS-A040,UJS-A040-01,,,,,,,,,,,0,,,,,,,,,,,,,,
18,A,울산울주,2025.10.15,최초,1,0-0.15,법정지목,1지역,2지역,UJS-A041,UJS-A041-01,,,,,,,,,,,,,,,0,0,0,0,0,,,,,,
19,A,울산울주,2025.10.15,최초,1,0-0.15,법정지목,1지역,2지역,UJS-A042,UJS-A042-01,,,,,,,,,,,,,,,0,0,0,0,0,,,,,,
20,A,울산울주,2025.10.15,최초,1,0-0.15,법정지목,1지역,2지역,UJS-A043,UJS-A043-01,,,,,,,,,,,,,,,0,0,0,0,0,,,,,,
21,A,울산울주,2025.10.16,최초,1,0-0.15,법정지목,1지역,2지역,UJS-A045,UJS-A045-01,,,,,,,,,,,,,,,0,0,0,0,0,,,,,,
22,A,울산울주,2025.10.16,최초,1,0-0.15,법정지목,1지역,2지역,UJS-A048,UJS-A048-01,,,,,,,,,,,,,,,0,0,0,0,0,,,,,,
23,A,울산울주,2025.10.16,최초,1,0-0.15,법정지목,1지역,2지역,UJS-A049,UJS-A049-01,,,,,,,,,,,,,,,0,0,0,0,0,,,,,,
24,A,울산울주,2025.10.16,최초,1,0-0.15,법정지목,1지역,1지역,UJS-A050,UJS-A050-01,,,,,,,,,,,,,,,0,0,0,0,0,,,,,,
25,A,울산울주,2025.10.16,최초,1,0-0.15,법정지목,1지역,2지역,UJS-A051,UJS-A051-01,,,,,,,,,,,,,,,0,0,0,0,0,,,,,,
26,A,울산울주,2025.10.16,최초,1,0-0.15,법정지목,1지역,2지역,UJS-A052,UJS-A052-01,,,,,,,,,,,0,,,,,,,,,,,,,,
27,A,울산울주,2025.10.16,최초,1,0-0.15,법정지목,1지역,3지역,UJS-A053,UJS-A053-01,,,,,,,,,,,,,,,0,0,0,0,0,,,,,,
28,A,울산울주,2025.10.16,최초,1,0-0.15,법정지목,1지역,2지역,UJS-A054,UJS-A054-01,,,,,,,,,,,,,,,0,0,0,0,0,,,,,,
29,A,울산울주,2025.10.16,최초,1,0-0.15,법정지목,1지역,2지역,UJS-A056,UJS-A056-01,,,,,,,,,,,,,,,0,0,0,0,0,,,,,,
30,A,울산울주,2025.10.16,최초,1,0-0.15,법정지목,1지역,1지역,UJS-A057,UJS-A057-01,,,,,,,,,,,,,,,0,0,0,0,0,,,,,,
31,A,울산울주,2025.10.16,최초,1,0-0.15,법정지목,1지역,1지역,UJS-A058,UJS-A058-01,,,,,,,,,,,,,,,0,0,0,0,0,,,,,,
32,A,울산울주,2025.10.16,최초,1,0-0.15,법정지목,1지역,2지역,UJS-A059,UJS-A059-01,,,,,,,,,,,,,,,0,0,0,0,0,,,,,,
33,A,울산울주,2025.10.16,최초,1,0-0.15,법정지목,1지역,1지역,UJS-A064,UJS-A064-01,,,,,,,,,,,,,,,0,0,0,0,0,,,,,,
34,A,울산울주,2025.10.16,최초,1,0-0.15,법정지목,1지역,2지역,UJS-A065,UJS-A065-01,,,,,,,,,,,,,,,0,0,0,0,0,,,,,,
35,A,울산울주,2025.10.16,최초,1,0-0.15,법정지목,1지역,2지역,UJS-A066,UJS-A066-01,0,21.5,3.37,0,36.3,0,131.5,22,,,,,,,,,,,,,,,,,
36,A,울산울주,2025.10.16,최초,1,0-0.15,법정지목,1지역,2지역,UJS-A067,UJS-A067-01,0,22.1,3.97,0,181.7,0,54,22.5,,,,,,,,,,,,,,,,,
37,A,울산울주,2025.10.16,최초,1,0-0.15,법정지목,1지역,1지역,UJS-A074,UJS-A074-01,0,25.8,0,0,124.1,0,44.6,25,,,,,,,,,,,,,,,,,
38,A,울산울주,2025.10.16,최초,1,0-0.15,법정지목,1지역,1지역,UJS-A075,UJS-A075-01,0,43,7.04,0,210.2,0,50.7,23.9,,,,,,,,,,,,,,,,,
39,A,울산울주,2025.10.16,최초,1,0-0.15,법정지목,1지역,1지역,UJS-A076,UJS-A076-01,0,14.8,0,0,23,0,33.9,16.8,,,,,,,,,,,,,,,,,
40,A,울산울주,2025.10.16,최초,1,0-0.15,법정지목,1지역,1지역,UJS-A077,UJS-A077-01,0,17.5,0,0,52.4,0,44.7,17.3,,,,,,,,,,,,,,,,,
41,A,울산울주,2025.10.16,최초,1,0-0.15,법정지목,1지역,1지역,UJS-A078,UJS-A078-01,0,61.6,6.98,0,172,0,57.1,27,,,,,,,,,,,,,,,,,
42,A,울산울주,2025.10.21,최초,1,0.15-0.3,법정지목,1지역,2지역,UJS-A002,UJS-A002-01,0,10,4.47,0,11.7,0.8,46.7,18.1,,,,,,,,,,,,,,,,,
43,A,울산울주,2025.10.21,추가,2,0.3-0.6,법정지목,1지역,2지역,UJS-A002,UJS-A002-02,0,8.4,3.16,0,11,0,41.9,19.4,,,,,,,,,,,,,,,,,
44,A,울산울주,2025.10.21,추가,3,0.6-1.0,법정지목,1지역,2지역,UJS-A002,UJS-A002-03,0,6.4,1.55,0,9.7,0,38.5,24.1,,,,,,,,,,,,,,,,,
45,A,울산울주,2025.10.21,추가,4,1.0-2.0,법정지목,1지역,2지역,UJS-A002,UJS-A002-04,0,6.7,3.76,0,8,0,42.6,24.2,,,,,,,,,,,,,,,,,
46,A,울산울주,2025.10.21,추가,5,2.0-2.5,법정지목,1지역,2지역,UJS-A002,UJS-A002-05,0,8.1,0,0,10.8,0.6,37.2,13.4,,,,,,,,,,,,,,,,,
47,A,울산울주,2025.10.21,추가,6,2.5-4.2,법정지목,1지역,2지역,UJS-A002,UJS-A002-06,0,8.6,4.44,0,12.5,0,42.6,18.6,,,,,,,,,,,,,,,,,
48,A,울산울주,2025.10.21,최초,1,0.15-0.3,법정지목,1지역,2지역,UJS-A003,UJS-A003-01,0,11.1,4.54,0,12.3,0,43.4,15.4,,,,,,,,,,,,,,,,,
49,A,울산울주,2025.10.21,최초,1,0.15-0.3,법정지목,1지역,2지역,UJS-A004,UJS-A004-01,0,15.4,0,0,17.2,0.6,63.9,14,,,,,,,,,,,,,,,,,
50,A,울산울주,2025.10.21,추가,2,0.3-0.6,법정지목,1지역,2지역,UJS-A004,UJS-A004-02,0,6.2,0,0,9.7,0,31.8,10.9,,,,,,,,,,,,,,,,,
51,A,울산울주,2025.10.21,추가,3,0.6-1.0,법정지목,1지역,2지역,UJS-A004,UJS-A004-03,0,8,0,0,10.1,0.6,38.8,15.7,,,,,,,,,,,,,,,,,
52,A,울산울주,2025.10.21,추가,4,1.0-2.0,법정지목,1지역,2지역,UJS-A004,UJS-A004-04,0,8.4,0,0,11.3,0,45.3,16.9,,,,,,,,,,,,,,,,,
53,A,울산울주,2025.10.21,추가,5,2.0-2.5,법정지목,1지역,2지역,UJS-A004,UJS-A004-05,0,9.6,3.24,0,12.7,0,47.5,16.8,,,,,,,,,,,,,,,,,
54,A,울산울주,2025.10.21,추가,6,2.5-3.0,법정지목,1지역,2지역,UJS-A004,UJS-A004-06,0,9.4,15.57,0,14.9,0,51.1,17.8,,,,,,,,,,,,,,,,,
55,A,울산울주,2025.10.21,최초,1,0.15-0.3,법정지목,1지역,2지역,UJS-A005,UJS-A005-01,0,11.2,3.35,0,10,0,48.2,16.7,,,,,,,,,,,,,,,,,
56,A,울산울주,2025.10.21,최초,1,0.15-0.3,법정지목,1지역,2지역,UJS-A006,UJS-A006-01,0,10,2.89,0,10.6,0,43.9,16.9,,,,,,,,,,,,,,,,,
57,A,울산울주,2025.10.21,최초,1,0-0.15,법정지목,1지역,2지역,UJS-A007,UJS-A007-01,0,8.9,0,0,11.3,0,47.4,22,,,,,,,,,,,,,,,,,
58,A,울산울주,2025.10.21,추가,2,0.15-0.3,법정지목,1지역,2지역,UJS-A007,UJS-A007-02,0,6.9,0,0,9.6,0,42.9,29.6,,,,,,,,,,,,,,,,,
59,A,울산울주,2025.10.21,추가,3,0.3-0.6,법정지목,1지역,2지역,UJS-A007,UJS-A007-03,0,7.3,0,0,8.5,0,43.2,26.5,,,,,,,,,,,,,,,,,
60,A,울산울주,2025.10.21,추가,4,0.6-1.0,법정지목,1지역,2지역,UJS-A007,UJS-A007-04,0,6.7,0,0,9.3,0,43.9,26.8,,,,,,,,,,,,,,,,,
61,A,울산울주,2025.10.21,추가,5,1.0-2.0,법정지목,1지역,2지역,UJS-A007,UJS-A007-05,0,11.1,4.93,0,13.1,0,49.1,21,,,,,,,,,,,,,,,,,
62,A,울산울주,2025.10.21,추가,6,2.0-2.5,법정지목,1지역,2지역,UJS-A007,UJS-A007-06,0,7.8,3.51,0,9.1,0,48.7,29.6,,,,,,,,,,,,,,,,,
63,A,울산울주,2025.10.21,최초,1,0.15-0.3,법정지목,1지역,2지역,UJS-A008,UJS-A008-01,0,15.5,7.54,0,19.8,1.4,107.6,20,,,,,,,,,,,,,,,,,
64,A,울산울주,2025.10.21,최초,1,0.15-0.3,법정지목,1지역,2지역,UJS-A009,UJS-A009-01,0,9.7,3.78,0,11.2,0,48.1,18,,,,,,,,,,,,,,,,,
65,A,울산울주,2025.10.21,추가,2,0.3-0.6,법정지목,1지역,2지역,UJS-A009,UJS-A009-02,0,8.5,0,0,10.1,0,52.7,24.8,,,,,,,,,,,,,,,,,
66,A,울산울주,2025.10.21,추가,3,0.6-1.0,법정지목,1지역,2지역,UJS-A009,UJS-A009-03,0,7.4,5.01,0,10.8,0,40.6,18.6,,,,,,,,,,,,,,,,,
67,A,울산울주,2025.10.21,추가,4,1.0-2.0,법정지목,1지역,2지역,UJS-A009,UJS-A009-04,0,8.6,3.68,0,10.8,0,45.8,20.4,,,,,,,,,,,,,,,,,
68,A,울산울주,2025.10.21,최초,1,0.15-0.3,법정지목,1지역,1지역,UJS-A010,UJS-A010-01,0,19.8,6.51,0,16.6,0,82,26.9,,,,,,,,,,,,,,,,,
69,A,울산울주,2025.10.21,최초,1,0-0.15,법정지목,1지역,2지역,UJS-A012,UJS-A012-01,0,21.1,0,0,18.4,0,66.8,38.7,,,,,,,0,0,0,0,0,,,,,,
70,A,울산울주,2025.10.21,최초,1,0-0.15,법정지목,1지역,2지역,UJS-A018,UJS-A018-01,,,,,,,,,,,,,,,0,0,0,0,0,,,,,,
71,A,울산울주,2025.10.21,추가,2,0.15-1.0,법정지목,1지역,2지역,UJS-A018,UJS-A018-02,,,,,,,,,,,,,,,0,0,0,0,0,,,,,,
72,A,울산울주,2025.10.21,최초,1,0-0.15,법정지목,1지역,2지역,UJS-A017,UJS-A017-01,,,,,,,,,,,,,,,0,0,0,0,0,,,,,,
73,A,울산울주,2025.10.21,추가,2,0.15-1.0,법정지목,1지역,2지역,UJS-A017,UJS-A017-02,,,,,,,,,,,,,,,0,0,0,0,0,,,,,,
74,A,울산울주,2025.10.21,최초,1,0-0.15,법정지목,1지역,2지역,UJS-A016,UJS-A016-01,,,,,,,,,,,,,,,0,0,0,0,0,,,,,,
75,A,울산울주,2025.10.21,추가,2,0.15-1.0,법정지목,1지역,2지역,UJS-A016,UJS-A016-02,,,,,,,,,,,,,,,0,0,0,0,0,,,,,,
76,A,울산울주,2025.10.21,최초,1,0.15-0.3,법정지목,1지역,2지역,UJS-A015,UJS-A015-01,,,,,,,,,,,,,,,0,0,0,0,0,,,,,,
77,A,울산울주,2025.10.21,추가,2,0.3-1.0,법정지목,1지역,2지역,UJS-A015,UJS-A015-02,,,,,,,,,,,,,,,0,0,0,0,0,,,,,,
78,A,울산울주,2025.10.21,추가,3,1.0-2.0,법정지목,1지역,2지역,UJS-A015,UJS-A015-03,,,,,,,,,,,,,,,0,0,0,0,0,,,,,,
79,A,울산울주,2025.10.21,추가,4,2.0-3.0,법정지목,1지역,2지역,UJS-A015,UJS-A015-04,,,,,,,,,,,,,,,0,0,0,0,0,,,,,,
80,A,울산울주,2025.10.21,추가,5,3.0-4.0,법정지목,1지역,2지역,UJS-A015,UJS-A015-05,,,,,,,,,,,,,,,0,0,0,0,0,,,,,,
81,A,울산울주,2025.10.21,추가,6,4.0-5.0,법정지목,1지역,2지역,UJS-A015,UJS-A015-06,,,,,,,,,,,,,,,0,0,0,0,0,,,,,,
82,A,울산울주,2025.10.21,추가,7,5.0-5.5,법정지목,1지역,2지역,UJS-A015,UJS-A015-07,,,,,,,,,,,,,,,0,0,0,0,0,,,,,,
83,A,울산울주,2025.10.21,최초,1,0-0.15,법정지목,1지역,2지역,UJS-A013,UJS-A013-01,,,,,,,,,,,,,,,0,0,0,0,0,,,,,,
84,A,울산울주,2025.10.21,최초,1,0.15-0.3,법정지목,1지역,2지역,UJS-A019,UJS-A019-01,,,,,,,,,,,,,,,0,0,0,0,0,,,,,,
85,A,울산울주,2025.10.21,추가,2,0.3-1.0,법정지목,1지역,2지역,UJS-A019,UJS-A019-02,,,,,,,,,,,,,,,0,0,0,0,0,,,,,,
86,A,울산울주,2025.10.21,추가,3,1.0-2.0,법정지목,1지역,2지역,UJS-A019,UJS-A019-03,,,,,,,,,,,,,,,0,0,0,0,0,,,,,,
87,A,울산울주,2025.10.21,추가,4,2.0-3.0,법정지목,1지역,2지역,UJS-A019,UJS-A019-04,,,,,,,,,,,,,,,0,0,0,0,0,,,,,,
88,A,울산울주,2025.10.21,추가,5,3.0-4.0,법정지목,1지역,2지역,UJS-A019,UJS-A019-05,,,,,,,,,,,,,,,0,0,0,0,0,,,,,,
89,A,울산울주,2025.10.21,추가,6,4.0-5.0,법정지목,1지역,2지역,UJS-A019,UJS-A019-06,,,,,,,,,,,,,,,0,0,0,0,0,,,,,,
90,A,울산울주,2025.10.21,추가,7,5.0-7.0,법정지목,1지역,2지역,UJS-A019,UJS-A019-07,,,,,,,,,,,,,,,0,0,0,0,0,,,,,,
91,A,울산울주,2025.10.21,최초,1,0.15-0.3,법정지목,1지역,2지역,UJS-A020,UJS-A020-01,,,,,,,,,,,,,,,0,0,0,0,0,,,,,,
92,A,울산울주,2025.10.21,추가,2,0.3-1.0,법정지목,1지역,2지역,UJS-A020,UJS-A020-02,,,,,,,,,,,,,,,0,0,0,0,0,,,,,,
93,A,울산울주,2025.10.21,최초,1,0-0.15,법정지목,1지역,2지역,UJS-A024,UJS-A024-01,,,,,,,,,,,,,,,0,0,0,0,0,,,,,,
94,A,울산울주,2025.10.21,추가,2,0.15-1.0,법정지목,1지역,2지역,UJS-A024,UJS-A024-02,,,,,,,,,,,,,,,0,0,0,0,0,,,,,,
95,A,울산울주,2025.10.21,추가,3,1.0-2.0,법정지목,1지역,2지역,UJS-A024,UJS-A024-03,,,,,,,,,,,,,,,0,0,0,0,0,,,,,,
96,A,울산울주,2025.10.21,추가,4,2.0-3.0,법정지목,1지역,2지역,UJS-A024,UJS-A024-04,,,,,,,,,,,,,,,0,0,0,0,0,,,,,,
97,A,울산울주,2025.10.21,추가,5,3.0-3.5,법정지목,1지역,2지역,UJS-A024,UJS-A024-05,,,,,,,,,,,,,,,0,0,0,0,0,,,,,,
98,A,울산울주,2025.10.21,최초,1,0-0.15,법정지목,1지역,2지역,UJS-A023,UJS-A023-01,,,,,,,,,,,,,,,0,0,0,0,0,,,,,,
99,A,울산울주,2025.10.21,추가,2,0.15-1.0,법정지목,1지역,2지역,UJS-A023,UJS-A023-02,,,,,,,,,,,,,,,0,0,0,0,0,,,,,,
100,A,울산울주,2025.10.21,추가,3,1.0-2.0,법정지목,1지역,2지역,UJS-A023,UJS-A023-03,,,,,,,,,,,,,,,0,0,0,0,0,,,,,,
101,A,울산울주,2025.10.21,추가,4,2.0-2.5,법정지목,1지역,2지역,UJS-A023,UJS-A023-04,,,,,,,,,,,,,,,0,0,0,0,0,,,,,,
102,A,울산울주,2025.10.21,최초,1,0-0.15,법정지목,1지역,2지역,UJS-A027,UJS-A027-01,,,,,,,,,,,,,,,0,0,0,0,0,,,,,,
103,A,울산울주,2025.10.21,추가,2,0.15-1.0,법정지목,1지역,2지역,UJS-A027,UJS-A027-02,,,,,,,,,,,,,,,0,0,0,0,0,,,,,,
104,A,울산울주,2025.10.21,추가,3,1.0-2.0,법정지목,1지역,2지역,UJS-A027,UJS-A027-03,,,,,,,,,,,,,,,0,0,0,0,0,,,,,,
105,A,울산울주,2025.10.21,최초,1,0-0.15,법정지목,1지역,2지역,UJS-A035,UJS-A035-01,,,,,,,,,,,,,,,0,0,0,0,0,,,,,,
106,A,울산울주,2025.10.21,추가,2,0.15-1.0,법정지목,1지역,2지역,UJS-A035,UJS-A035-02,,,,,,,,,,,,,,,0,0,0,0,0,,,,,,
107,A,울산울주,2025.10.21,추가,3,1.0-2.0,법정지목,1지역,2지역,UJS-A035,UJS-A035-03,,,,,,,,,,,,,,,0,0,0,0,0,,,,,,
108,A,울산울주,2025.10.21,추가,4,2.0-3.0,법정지목,1지역,2지역,UJS-A035,UJS-A035-04,,,,,,,,,,,,,,,0,0,0,0,0,,,,,,
109,A,울산울주,2025.10.21,추가,5,3.0-4.0,법정지목,1지역,2지역,UJS-A035,UJS-A035-05,,,,,,,,,,,,,,,0,0,0,0,0,,,,,,
110,A,울산울주,2025.10.21,추가,6,4.0-4.5,법정지목,1지역,2지역,UJS-A035,UJS-A035-06,,,,,,,,,,,,,,,0,0,0,0,0,,,,,,
111,A,울산울주,2025.10.22,최초,1,0.15-0.3,법정지목,1지역,2지역,UJS-A044,UJS-A044-01,,,,,,,,,,,,,,,0,0,0,0,0,,,,,,
112,A,울산울주,2025.10.22,최초,1,0.15-0.3,법정지목,1지역,2지역,UJS-A046,UJS-A046-01,,,,,,,,,,,,,,,0,0,0,0,0,,,,,,
113,A,울산울주,2025.10.22,최초,1,0.15-0.3,법정지목,1지역,2지역,UJS-A047,UJS-A047-01,,,,,,,,,,,,,,,0,0,0,0,0,,,,,,
114,A,울산울주,2025.10.22,최초,1,0.15-0.3,법정지목,1지역,1지역,UJS-A055,UJS-A055-01,,,,,,,,,,,,,,,0,0,0,0,0,,,,,,
115,A,울산울주,2025.10.22,최초,1,0-0.15,법정지목,1지역,2지역,UJS-A061,UJS-A061-01,0,19.8,2.4,0,15.3,0,70,63.1,,,,,,,0,0,0,0,0,,,,,,
116,A,울산울주,2025.10.22,추가,2,0.15-0.3,법정지목,1지역,2지역,UJS-A061,UJS-A061-02,0,15.2,1.93,0,13,0.7,52.6,34.8,,,,,,,,,,,,,,,,,
117,A,울산울주,2025.10.22,추가,3,0.3-0.6,법정지목,1지역,2지역,UJS-A061,UJS-A061-03,0,15.4,5.15,0,13.2,0,51.5,35.4,,,,,,,,,,,,,,,,,
118,A,울산울주,2025.10.22,추가,4,0.6-1.0,법정지목,1지역,2지역,UJS-A061,UJS-A061-04,0,11.3,2.63,0,9.7,0,51.6,41.7,,,,,,,0,0,0,0,0,,,,,,
119,A,울산울주,2025.10.22,추가,5,1.0-2.0,법정지목,1지역,2지역,UJS-A061,UJS-A061-05,0,15,2.13,0,13.2,0,42.7,21.9,,,,,,,0,0,0,0,3636,,,,,,
120,A,울산울주,2025.10.22,추가,6,2.0-3.0,법정지목,1지역,2지역,UJS-A061,UJS-A061-06,0,11.4,0,0,11.9,0,33.5,18.1,,,,,,,0,0,0,0,3381,,,,,,
121,A,울산울주,2025.10.22,추가,7,3.0-4.0,법정지목,1지역,2지역,UJS-A061,UJS-A061-07,0,11.2,3.97,0,13.1,0,43.5,22,,,,,,,0,0,0,0,215,,,,,,
122,A,울산울주,2025.10.22,최초,1,0-0.15,법정지목,1지역,2지역,UJS-A060,UJS-A060-01,0,15.6,3.18,0,20.6,0,57.2,27.2,,,,,,,0,0,0,0,0,,,,,,
123,A,울산울주,2025.10.22,추가,2,0.15-0.3,법정지목,1지역,2지역,UJS-A060,UJS-A060-02,0,15.5,0,0,14.2,0,62.7,40.8,,,,,,,,,,,,,,,,,
124,A,울산울주,2025.10.22,추가,3,0.3-0.6,법정지목,1지역,2지역,UJS-A060,UJS-A060-03,0,16,8.91,0,13.5,0,54.6,29.6,,,,,,,,,,,,,,,,,
125,A,울산울주,2025.10.22,추가,4,0.6-1.0,법정지목,1지역,2지역,UJS-A060,UJS-A060-04,0,17.6,6.2,0,11.4,0,62.1,35.4,,,,,,,0,0,0,0,0,,,,,,
126,A,울산울주,2025.10.22,추가,5,1.0-2.0,법정지목,1지역,2지역,UJS-A060,UJS-A060-05,0,14.8,6.32,0,9.7,0,36,19.9,,,,,,,0,0,0,0,0,,,,,,
127,A,울산울주,2025.10.22,추가,6,2.0-3.0,법정지목,1지역,2지역,UJS-A060,UJS-A060-06,0,13.8,4.03,0,9.9,0,40.3,22.7,,,,,,,0,0,0,0,0,,,,,,
128,A,울산울주,2025.10.22,최초,1,0-0.15,법정지목,1지역,2지역,UJS-A063,UJS-A063-01,0,15,7.14,0,24.9,0,47.4,22.4,,,,,,,0,0,0,0,0,,,,,,
129,A,울산울주,2025.10.22,추가,2,0.15-0.3,법정지목,1지역,2지역,UJS-A063,UJS-A063-02,0,15.5,4.83,0,18.2,0,57.4,29.6,,,,,,,,,,,,,,,,,
130,A,울산울주,2025.10.22,추가,3,0.3-0.6,법정지목,1지역,2지역,UJS-A063,UJS-A063-03,0,12.2,4.46,0,15,0,50.2,30.2,,,,,,,,,,,,,,,,,
131,A,울산울주,2025.10.22,추가,4,0.6-1.0,법정지목,1지역,2지역,UJS-A063,UJS-A063-04,0,11.4,4.2,0,15.8,0,47.7,29.8,,,,,,,0,0,0,0,0,,,,,,
132,A,울산울주,2025.10.22,추가,5,1.0-2.0,법정지목,1지역,2지역,UJS-A063,UJS-A063-05,0,19.9,8.64,0,17,0,59.4,29.2,,,,,,,0,0,0,0,0,,,,,,
133,A,울산울주,2025.10.22,추가,6,2.0-2.5,법정지목,1지역,2지역,UJS-A063,UJS-A063-06,0,18.3,7.37,0,16,0,49.2,25.7,,,,,,,0,0,0,0,0,,,,,,
134,A,울산울주,2025.10.22,최초,1,0-0.15,법정지목,1지역,1지역,UJS-A071,UJS-A071-01,0,125.1,7.49,0,1040.9,0,73.6,33.2,,,,,,,,,,,,,,,,,
135,A,울산울주,2025.10.22,추가,2,0.15-0.3,법정지목,1지역,1지역,UJS-A071,UJS-A071-02,0,19.2,5.49,0,57.5,0,48,33.4,,,,,,,,,,,,,,,,,
136,A,울산울주,2025.10.22,추가,3,0.3-0.6,법정지목,1지역,1지역,UJS-A071,UJS-A071-03,0,16.7,4.27,0,24,0,41,27.6,,,,,,,,,,,,,,,,,
137,A,울산울주,2025.10.22,추가,4,0.6-1.0,법정지목,1지역,1지역,UJS-A071,UJS-A071-04,0,16.7,5.75,0,19.3,0,41.6,27.7,,,,,,,,,,,,,,,,,
138,A,울산울주,2025.10.22,추가,5,1.0-1.5,법정지목,1지역,1지역,UJS-A071,UJS-A071-05,0,15.3,4.54,0,16,0,41.7,26.9,,,,,,,,,,,,,,,,,
139,A,울산울주,2025.10.22,추가,6,1.5-2.0,법정지목,1지역,1지역,UJS-A071,UJS-A071-06,0,13.3,4.97,0,12.9,0,40.4,24.7,,,,,,,,,,,,,,,,,
140,A,울산울주,2025.10.22,추가,7,2.0-2.5,법정지목,1지역,1지역,UJS-A071,UJS-A071-07,0,16.7,6.37,0,15.3,0,40.2,26.5,,,,,,,,,,,,,,,,,
141,A,울산울주,2025.10.22,추가,8,2.5-3.0,법정지목,1지역,1지역,UJS-A071,UJS-A071-08,0,7.6,5.06,0,17.7,0,49.5,32,,,,,,,,,,,,,,,,,
142,A,울산울주,2025.10.22,최초,1,0-0.15,법정지목,1지역,2지역,UJS-A068,UJS-A068-01,0,21.6,6.5,0,54.7,0,51.6,31.8,,,,,,,,,,,,,,,,,
143,A,울산울주,2025.10.22,추가,2,0.15-0.3,법정지목,1지역,2지역,UJS-A068,UJS-A068-02,0,16.2,7.203972612,0,19.9,0,49.8,35.2,,,,,,,,,,,,,,,,,
144,A,울산울주,2025.10.22,추가,3,0.3-0.6,법정지목,1지역,2지역,UJS-A068,UJS-A068-03,0,15.4,6.828064798,0,13.3,0,48.3,34.1,,,,,,,,,,,,,,,,,
145,A,울산울주,2025.10.22,추가,4,0.6-1.0,법정지목,1지역,2지역,UJS-A068,UJS-A068-04,0,13.8,6.134492704,0,11.8,0,45.7,34.2,,,,,,,,,,,,,,,,,
146,A,울산울주,2025.10.22,추가,5,1.0-1.5,법정지목,1지역,2지역,UJS-A068,UJS-A068-05,0,13.6,5.112686157,0,14.8,0,45.6,31.1,,,,,,,,,,,,,,,,,
147,A,울산울주,2025.10.22,추가,6,1.5-2.0,법정지목,1지역,2지역,UJS-A068,UJS-A068-06,0,12.8,3.50435723,0,13.1,0,39.5,23.4,,,,,,,,,,,,,,,,,
148,A,울산울주,2025.10.22,추가,7,2.0-2.5,법정지목,1지역,2지역,UJS-A068,UJS-A068-07,0,12.5,0,0,11.7,0,40.4,24.2,,,,,,,,,,,,,,,,,
149,A,울산울주,2025.10.22,추가,8,2.5-2.8,법정지목,1지역,2지역,UJS-A068,UJS-A068-08,0,10.2,8.009893294,0,14.8,0,49.3,30.6,,,,,,,,,,,,,,,,,
150,A,울산울주,2025.10.22,최초,1,0-0.15,법정지목,1지역,1지역,UJS-A069,UJS-A069-01,0,20.9,6.880160032,0,43.8,0,61.7,23.5,,,,,,,,,,,,,,,,,
151,A,울산울주,2025.10.22,추가,2,0.15-0.3,법정지목,1지역,1지역,UJS-A069,UJS-A069-02,0,10,4.233156265,0,10.6,0,34.9,21.3,,,,,,,,,,,,,,,,,
152,A,울산울주,2025.10.22,추가,3,0.3-0.6,법정지목,1지역,1지역,UJS-A069,UJS-A069-03,0,11.5,6.835,0,11.6,0,40.3,23.6,,,,,,,,,,,,,,,,,
153,A,울산울주,2025.10.22,추가,4,0.6-1.0,법정지목,1지역,1지역,UJS-A069,UJS-A069-04,0,13.2,3.75006213,0,13.9,0,41.2,24.6,,,,,,,,,,,,,,,,,
154,A,울산울주,2025.10.22,추가,5,1.0-1.5,법정지목,1지역,1지역,UJS-A069,UJS-A069-05,0,15.5,5.020609011,0,10.6,0,31.1,19.6,,,,,,,,,,,,,,,,,
155,A,울산울주,2025.10.22,추가,6,1.5-2.0,법정지목,1지역,1지역,UJS-A069,UJS-A069-06,0,14.7,2.203578441,0,11.3,0,36,25.3,,,,,,,,,,,,,,,,,
156,A,울산울주,2025.10.22,추가,7,2.0-2.5,법정지목,1지역,1지역,UJS-A069,UJS-A069-07,0,15.4,5.176714877,0,12.1,0,42.6,29.1,,,,,,,,,,,,,,,,,
157,A,울산울주,2025.10.22,추가,8,2.5-2.7,법정지목,1지역,1지역,UJS-A069,UJS-A069-08,0,13,3.894499092,0,13.9,0,53.3,33,,,,,,,,,,,,,,,,,
158,A,울산울주,2025.10.22,최초,1,0-0.15,법정지목,1지역,1지역,UJS-A072,UJS-A072-01,0,158.7,4.004289091,0,779.2,0,64.2,23.4,,,,,,,,,,,,,,,,,
159,A,울산울주,2025.10.22,추가,2,0.15-0.3,법정지목,1지역,1지역,UJS-A072,UJS-A072-02,0,34.3,5.45566488,0,175,0,42.2,23.1,,,,,,,,,,,,,,,,,
160,A,울산울주,2025.10.22,추가,3,0.3-0.6,법정지목,1지역,1지역,UJS-A072,UJS-A072-03,0,37.7,5.866811711,0,83.7,0,42.8,26.4,,,,,,,,,,,,,,,,,
161,A,울산울주,2025.10.22,추가,4,0.6-1.0,법정지목,1지역,1지역,UJS-A072,UJS-A072-04,0,18.4,6.195679887,0,53.1,0,38.3,23.6,,,,,,,,,,,,,,,,,
162,A,울산울주,2025.10.22,추가,5,1.0-1.5,법정지목,1지역,1지역,UJS-A072,UJS-A072-05,0,14.9,6.28,0,12.9,0,36.5,24.6,,,,,,,,,,,,,,,,,
163,A,울산울주,2025.10.22,추가,6,1.5-2.0,법정지목,1지역,1지역,UJS-A072,UJS-A072-06,0,13.4,2.38,0,12.4,0,40.1,29.7,,,,,,,,,,,,,,,,,
164,A,울산울주,2025.10.22,추가,7,2.0-2.5,법정지목,1지역,1지역,UJS-A072,UJS-A072-07,0,9.4,3.26,0,9.2,0,36,23,,,,,,,,,,,,,,,,,
165,A,울산울주,2025.10.22,추가,8,2.5-2.7,법정지목,1지역,1지역,UJS-A072,UJS-A072-08,0,14.9,0,0,16.1,0,39.3,29.9,,,,,,,,,,,,,,,,,
166,A,울산울주,2025.10.22,최초,1,0-0.15,법정지목,1지역,1지역,UJS-A073,UJS-A073-01,0,14.3,3.43,0,78.1,0,44,23.5,,,,,,,,,,,,,,,,,
167,A,울산울주,2025.10.22,추가,2,0.15-0.3,법정지목,1지역,1지역,UJS-A073,UJS-A073-02,0,10.4,6.17,0,10.3,0,44.8,25.6,,,,,,,,,,,,,,,,,
168,A,울산울주,2025.10.22,추가,3,0.3-0.6,법정지목,1지역,1지역,UJS-A073,UJS-A073-03,0,11.8,3.25,0,10.7,0,44.6,29,,,,,,,,,,,,,,,,,
169,A,울산울주,2025.10.22,추가,4,0.6-1.0,법정지목,1지역,1지역,UJS-A073,UJS-A073-04,0,14.8,0,0,10.5,0,45.4,31.3,,,,,,,,,,,,,,,,,
170,A,울산울주,2025.10.22,추가,5,1.0-1.5,법정지목,1지역,1지역,UJS-A073,UJS-A073-05,0,15.9,4.36,0,13.4,0,52.2,35.2,,,,,,,,,,,,,,,,,
171,A,울산울주,2025.10.22,추가,6,1.5-2.0,법정지목,1지역,1지역,UJS-A073,UJS-A073-06,0,9.5,5.17,0,8,0,49.6,30.5,,,,,,,,,,,,,,,,,
172,A,울산울주,2025.10.22,최초,1,0-0.15,법정지목,1지역,1지역,UJS-A070,UJS-A070-01,0,17.1,0,0,48.5,0,42.6,23.1,,,,,,,,,,,,,,,,,
173,A,울산울주,2025.10.22,추가,2,0.15-0.3,법정지목,1지역,1지역,UJS-A070,UJS-A070-02,0,10.7,1.61,0,11.5,0,39.1,22.5,,,,,,,,,,,,,,,,,
174,A,울산울주,2025.10.22,추가,3,0.3-0.6,법정지목,1지역,1지역,UJS-A070,UJS-A070-03,0,9.6,5.12,0,9.7,0,34.5,20.6,,,,,,,,,,,,,,,,,
175,A,울산울주,2025.10.22,추가,4,0.6-1.0,법정지목,1지역,1지역,UJS-A070,UJS-A070-04,0,9.6,4.19,0,9.2,0,35.3,21.9,,,,,,,,,,,,,,,,,
176,A,울산울주,2025.10.22,추가,5,1.0-1.5,법정지목,1지역,1지역,UJS-A070,UJS-A070-05,0,10.2,3.28,0,9.7,0,37.6,22.3,,,,,,,,,,,,,,,,,
177,A,울산울주,2025.10.22,추가,6,1.5-2.0,법정지목,1지역,1지역,UJS-A070,UJS-A070-06,0,12.2,2.79,0,10.6,0,44.8,29.3,,,,,,,,,,,,,,,,,
178,A,울산울주,2025.10.22,추가,7,2.0-2.5,법정지목,1지역,1지역,UJS-A070,UJS-A070-07,0,9,5.77,0,7.7,0,50.5,33.2,,,,,,,,,,,,,,,,,
179,A,울산울주,2025.10.23,최초,1,0-0.15,법정지목,1지역,3지역,UJS-A026,UJS-A026-01,,,,,,,,,,,,,,,0,0,0,0,0,,,,,,
180,A,울산울주,2025.10.23,추가,2,0.15-1.0,법정지목,1지역,3지역,UJS-A026,UJS-A026-02,,,,,,,,,,,,,,,0,0,0,0,0,,,,,,
181,A,울산울주,2025.10.23,추가,3,1.0-1.5,법정지목,1지역,3지역,UJS-A026,UJS-A026-03,,,,,,,,,,,,,,,0,0,0,0,0,,,,,,
182,A,울산울주,2025.10.23,최초,1,0-0.15,법정지목,1지역,2지역,UJS-A025,UJS-A025-01,,,,,,,,,,,,,,,0,0,0,0,0,,,,,,
183,A,울산울주,2025.10.23,추가,2,0.15-1.0,법정지목,1지역,2지역,UJS-A025,UJS-A025-02,,,,,,,,,,,,,,,0,0,0,0,0,,,,,,
184,A,울산울주,2025.10.23,추가,3,1.0-1.5,법정지목,1지역,2지역,UJS-A025,UJS-A025-03,,,,,,,,,,,,,,,0,0,0,0,0,,,,,,
185,A,울산울주,2025.10.23,최초,1,0-0.15,법정지목,1지역,2지역,UJS-A062,UJS-A062-01,0,17.6,4.7,0,16.5,0,60.4,26.3,,,,,,,0,0,0,0,0,,,,,,
186,A,울산울주,2025.10.23,추가,2,0.15-0.3,법정지목,1지역,2지역,UJS-A062,UJS-A062-02,0,17.8,3.83,0,15.8,0,56,27,,,,,,,,,,,,,,,,,
187,A,울산울주,2025.10.23,추가,3,0.3-0.6,법정지목,1지역,2지역,UJS-A062,UJS-A062-03,0,19,5.47,0,12.7,0,46.6,28,,,,,,,,,,,,,,,,,
188,A,울산울주,2025.10.23,추가,4,0.6-1.0,법정지목,1지역,2지역,UJS-A062,UJS-A062-04,0,15.3,6.66,0,12.9,0,51.9,32.5,,,,,,,0,0,0,0,0,,,,,,
189,A,울산울주,2025.10.23,추가,5,1.0-1.5,법정지목,1지역,2지역,UJS-A062,UJS-A062-05,0,13.6,3.69,0,13.3,0,46.3,28.4,,,,,,,0,0,0,0,0,,,,,,
190,B,울산울주,2025.12.15,최초,1,0.15-0.3,법정지목,2지역,2지역,UJS-B032,UJS-B032-01,,,,,,,,,,,,,,,0,0,0,0,0,,,,,,
191,B,울산울주,2025.12.15,추가,2,0.3-1.0,법정지목,2지역,2지역,UJS-B032,UJS-B032-02,,,,,,,,,,,,,,,0,0,0,0,1058,,,,,,
192,B,울산울주,2025.12.15,추가,3,1.0-2.0,법정지목,2지역,2지역,UJS-B032,UJS-B032-03,,,,,,,,,,,,,,,0,0,0,0,1824,,,,,,
193,B,울산울주,2025.12.15,추가,4,2.0-2.8,법정지목,2지역,2지역,UJS-B032,UJS-B032-04,,,,,,,,,,,,,,,0,0,0,0,176,,,,,,
194,B,울산울주,2025.12.15,최초,1,0.15-0.3,법정지목,2지역,2지역,UJS-B033,UJS-B033-01,,,,,,,,,,,,,,,0,0,0,0,0,,,,,,
195,B,울산울주,2025.12.15,추가,2,0.3-1.0,법정지목,2지역,2지역,UJS-B033,UJS-B033-02,,,,,,,,,,,,,,,0,0,0,0,0,,,,,,
196,B,울산울주,2025.12.15,추가,3,1.0-2.0,법정지목,2지역,2지역,UJS-B033,UJS-B033-03,,,,,,,,,,,,,,,0,0,0,0,0,,,,,,
197,B,울산울주,2025.12.15,추가,4,2.0-3.0,법정지목,2지역,2지역,UJS-B033,UJS-B033-04,,,,,,,,,,,,,,,0,0,0,0,0,,,,,,
198,B,울산울주,2025.12.15,추가,5,3.0-3.4,법정지목,2지역,2지역,UJS-B033,UJS-B033-05,,,,,,,,,,,,,,,0,0,0,0,682,,,,,,
199,B,울산울주,2025.12.15,최초,1,0.15-0.3,법정지목,2지역,2지역,UJS-B034,UJS-B034-01,,,,,,,,,,,,,,,0,0,0,0,0,,,,,,
200,B,울산울주,2025.12.15,추가,2,0.3-1.0,법정지목,2지역,2지역,UJS-B034,UJS-B034-02,,,,,,,,,,,,,,,0,0,0,0,141,,,,,,
201,B,울산울주,2025.12.15,추가,3,1.0-2.0,법정지목,2지역,2지역,UJS-B034,UJS-B034-03,,,,,,,,,,,,,,,0,0,0,0,982,,,,,,
202,B,울산울주,2025.12.15,추가,4,2.0-3.0,법정지목,2지역,2지역,UJS-B034,UJS-B034-04,,,,,,,,,,,,,,,0,0,0,0,341,,,,,,
203,B,울산울주,2025.12.15,추가,5,3.0-3.4,법정지목,2지역,2지역,UJS-B034,UJS-B034-05,,,,,,,,,,,,,,,0,0,0,0,0,,,,,,
204,B,울산울주,2025.12.15,최초,1,0.15-0.3,법정지목,2지역,2지역,UJS-B035,UJS-B035-01,,,,,,,,,,,,,,,0,0,0,0,0,,,,,,
205,B,울산울주,2025.12.15,추가,2,0.3-1.0,법정지목,2지역,2지역,UJS-B035,UJS-B035-02,,,,,,,,,,,,,,,0,0,0,0,0,,,,,,
206,B,울산울주,2025.12.15,추가,3,1.0-2.0,법정지목,2지역,2지역,UJS-B035,UJS-B035-03,,,,,,,,,,,,,,,0,0,0,0,0,,,,,,
207,B,울산울주,2025.12.15,추가,4,2.0-2.3,법정지목,2지역,2지역,UJS-B035,UJS-B035-04,,,,,,,,,,,,,,,0,0,0,0,0,,,,,,
208,B,울산울주,2025.12.16,최초,1,0.15-0.3,법정지목,2지역,2지역,UJS-B036,UJS-B036-01,,,,,,,,,,,,,,,0,0,0,0,0,,,,,,
209,B,울산울주,2025.12.16,추가,2,0.3-1.0,법정지목,2지역,2지역,UJS-B036,UJS-B036-02,,,,,,,,,,,,,,,0,0,0,0,0,,,,,,
210,B,울산울주,2025.12.16,추가,3,1.0-2.0,법정지목,2지역,2지역,UJS-B036,UJS-B036-03,,,,,,,,,,,,,,,0,0,0,0,133,,,,,,
211,B,울산울주,2025.12.16,추가,4,2.0-3.0,법정지목,2지역,2지역,UJS-B036,UJS-B036-04,,,,,,,,,,,,,,,0,0,0,0,225,,,,,,
212,B,울산울주,2025.12.16,최초,1,0.15-0.3,법정지목,2지역,2지역,UJS-B037,UJS-B037-01,,,,,,,,,,,,,,,0,0,0,0,0,,,,,,
213,B,울산울주,2025.12.16,추가,2,0.3-1.0,법정지목,2지역,2지역,UJS-B037,UJS-B037-02,,,,,,,,,,,,,,,0,0,0,0,0,,,,,,
214,B,울산울주,2025.12.16,추가,3,1.0-2.0,법정지목,2지역,2지역,UJS-B037,UJS-B037-03,,,,,,,,,,,,,,,0,0,0,0,0,,,,,,
215,B,울산울주,2025.12.16,추가,4,2.0-3.0,법정지목,2지역,2지역,UJS-B037,UJS-B037-04,,,,,,,,,,,,,,,0,0,0,0,0,,,,,,
216,B,울산울주,2025.12.16,최초,1,0.15-0.3,법정지목,2지역,2지역,UJS-B038,UJS-B038-01,,,,,,,,,,,,,,,0,0,0,0,0,,,,,,
217,B,울산울주,2025.12.16,추가,2,0.3-1.0,법정지목,2지역,2지역,UJS-B038,UJS-B038-02,,,,,,,,,,,,,,,0,0,0,0,0,,,,,,
218,B,울산울주,2025.12.16,추가,3,1.0-2.0,법정지목,2지역,2지역,UJS-B038,UJS-B038-03,,,,,,,,,,,,,,,0,0,0,0,0,,,,,,
219,B,울산울주,2025.12.16,추가,4,2.0-3.0,법정지목,2지역,2지역,UJS-B038,UJS-B038-04,,,,,,,,,,,,,,,0,0,0,0,0,,,,,,
220,B,울산울주,2025.12.16,최초,1,0-0.15,법정지목,2지역,2지역,UJS-B039,UJS-B039-01,,,,,,,,,,,,,,,0,0,0,0,0,,,,,,
221,B,울산울주,2025.12.16,추가,2,0.15-1.0,법정지목,2지역,2지역,UJS-B039,UJS-B039-02,,,,,,,,,,,,,,,0,0,0,0,0,,,,,,
222,B,울산울주,2025.12.16,추가,3,1.0-2.0,법정지목,2지역,2지역,UJS-B039,UJS-B039-03,,,,,,,,,,,,,,,0,0,0,0,0,,,,,,
223,B,울산울주,2025.12.16,추가,4,2.0-3.0,법정지목,2지역,2지역,UJS-B039,UJS-B039-04,,,,,,,,,,,,,,,0,0,0,0,0,,,,,,
224,B,울산울주,2025.12.16,추가,5,3.0-4.0,법정지목,2지역,2지역,UJS-B039,UJS-B039-05,,,,,,,,,,,,,,,0,0,0,0,0,,,,,,
225,B,울산울주,2025.12.16,추가,6,4.0-4.8,법정지목,2지역,2지역,UJS-B039,UJS-B039-06,,,,,,,,,,,,,,,0,0,0,0,0,,,,,,
226,A,울산울주,2025.12.16,추가,4,2.0-2.5,법정지목,3지역,3지역,UJS-A026,UJS-A026-04,,,,,,,,,,,,,,,0,0,0,0,0,,,,,,
227,A,울산울주,2025.12.16,추가,4,2.0-3.0,법정지목,2지역,2지역,UJS-A025,UJS-A025-04,,,,,,,,,,,,,,,0,0,0,0,0,,,,,,
228,A,울산울주,2025.12.16,추가,5,3.0-4.0,법정지목,2지역,2지역,UJS-A025,UJS-A025-05,,,,,,,,,,,,,,,0,0,0,0,0,,,,,,
229,A,울산울주,2025.12.16,추가,6,4.0-5.0,법정지목,2지역,2지역,UJS-A025,UJS-A025-06,,,,,,,,,,,,,,,0,0,0,0,0,,,,,,
230,B,울산울주,2025.12.16,최초,1,0-0.15,법정지목,2지역,2지역,UJS-B004,UJS-B004-01,,,,,,,,,,,,,,,0,0,0,0,188,,,,,,
231,B,울산울주,2025.12.16,추가,2,0.15-1.0,법정지목,2지역,2지역,UJS-B004,UJS-B004-02,,,,,,,,,,,,,,,0,0,0,0,0,,,,,,
232,B,울산울주,2025.12.16,추가,3,1.0-2.0,법정지목,2지역,2지역,UJS-B004,UJS-B004-03,,,,,,,,,,,,,,,0,0,0,0,0,,,,,,
233,B,울산울주,2025.12.16,추가,4,2.0-3.0,법정지목,2지역,2지역,UJS-B004,UJS-B004-04,,,,,,,,,,,,,,,0,0,0,0,89,,,,,,
234,B,울산울주,2025.12.16,추가,5,3.0-3.8,법정지목,2지역,2지역,UJS-B004,UJS-B004-05,,,,,,,,,,,,,,,0,0,0,0,0,,,,,,
235,B,울산울주,2025.12.16,최초,1,0-0.15,법정지목,2지역,2지역,UJS-B001,UJS-B001-01,,,,,,,,,,,,,,,0,0,0,0,0,,,,,,
236,B,울산울주,2025.12.16,추가,2,0.15-1.0,법정지목,2지역,2지역,UJS-B001,UJS-B001-02,,,,,,,,,,,,,,,0,0,0,0,0,,,,,,
237,B,울산울주,2025.12.16,추가,3,1.0-2.0,법정지목,2지역,2지역,UJS-B001,UJS-B001-03,,,,,,,,,,,,,,,0,0,0,0,0,,,,,,
238,B,울산울주,2025.12.16,추가,4,2.0-3.0,법정지목,2지역,2지역,UJS-B001,UJS-B001-04,,,,,,,,,,,,,,,0,0,0,0,0,,,,,,
239,B,울산울주,2025.12.16,추가,5,3.0-3.7,법정지목,2지역,2지역,UJS-B001,UJS-B001-05,,,,,,,,,,,,,,,0,0,0,0,0,,,,,,
240,B,울산울주,2025.12.16,최초,1,0-0.15,법정지목,2지역,2지역,UJS-B003,UJS-B003-01,,,,,,,,,,,,,,,0,0,0,0,0,,,,,,
241,B,울산울주,2025.12.16,추가,2,0.15-1.0,법정지목,2지역,2지역,UJS-B003,UJS-B003-02,,,,,,,,,,,,,,,0,0,0,0,0,,,,,,
242,B,울산울주,2025.12.16,추가,3,1.0-2.0,법정지목,2지역,2지역,UJS-B003,UJS-B003-03,,,,,,,,,,,,,,,0,0,0,0,0,,,,,,
243,B,울산울주,2025.12.16,추가,4,2.0-3.0,법정지목,2지역,2지역,UJS-B003,UJS-B003-04,,,,,,,,,,,,,,,0,0,0,0,0,,,,,,
244,B,울산울주,2025.12.16,추가,5,3.0-3.6,법정지목,2지역,2지역,UJS-B003,UJS-B003-05,,,,,,,,,,,,,,,0,0,0,0,56,,,,,,
245,B,울산울주,2025.12.16,최초,1,0-0.15,법정지목,2지역,2지역,UJS-B002,UJS-B002-01,,,,,,,,,,,,,,,0,0,0,0,147,,,,,,
246,B,울산울주,2025.12.16,추가,2,0.15-1.0,법정지목,2지역,2지역,UJS-B002,UJS-B002-02,,,,,,,,,,,,,,,0,0,0,0,0,,,,,,
247,B,울산울주,2025.12.16,추가,3,1.0-2.0,법정지목,2지역,2지역,UJS-B002,UJS-B002-03,,,,,,,,,,,,,,,0,0,0,0,0,,,,,,
248,B,울산울주,2025.12.16,추가,4,2.0-3.0,법정지목,2지역,2지역,UJS-B002,UJS-B002-04,,,,,,,,,,,,,,,0,0,0,0,0,,,,,,
249,B,울산울주,2025.12.16,추가,5,3.0-3.4,법정지목,2지역,2지역,UJS-B002,UJS-B002-05,,,,,,,,,,,,,,,0,0,0,0,0,,,,,,
250,A,울산울주,2025.12.16,추가,6,1.5-2.0,법정지목,1지역,1지역,UJS-A062,UJS-A062-06,,,,,,,,,,,,,,,0,0,0,0,0,,,,,,
251,A,울산울주,2025.12.16,추가,7,2.0-3.0,법정지목,1지역,1지역,UJS-A062,UJS-A062-07,,,,,,,,,,,,,,,0,0,0,0,0,,,,,,
252,A,울산울주,2025.12.16,추가,8,3.0-3.8,법정지목,1지역,1지역,UJS-A062,UJS-A062-08,,,,,,,,,,,,,,,0,0,0,0,90,,,,,,
253,B,울산울주,2025.12.16,최초,1,0-0.15,법정지목,2지역,2지역,UJS-B005,UJS-B005-01,,,,,,,,,,,,,,,0,0,0,0,0,,,,,,
254,B,울산울주,2025.12.16,추가,2,0.15-1.0,법정지목,2지역,2지역,UJS-B005,UJS-B005-02,,,,,,,,,,,,,,,0,0,0,0,0,,,,,,
255,B,울산울주,2025.12.16,추가,3,1.0-2.0,법정지목,2지역,2지역,UJS-B005,UJS-B005-03,,,,,,,,,,,,,,,0,0,0,0,0,,,,,,
256,B,울산울주,2025.12.16,추가,4,2.0-3.0,법정지목,2지역,2지역,UJS-B005,UJS-B005-04,,,,,,,,,,,,,,,0,0,0,0,0,,,,,,
257,B,울산울주,2025.12.16,최초,1,0-0.15,법정지목,2지역,2지역,UJS-B007,UJS-B007-01,,,,,,,,,,,,,,,0,0,0,0,0,,,,,,
258,B,울산울주,2025.12.16,추가,2,0.15-1.0,법정지목,2지역,2지역,UJS-B007,UJS-B007-02,,,,,,,,,,,,,,,0,0,0,0,0,,,,,,
259,B,울산울주,2025.12.16,추가,3,1.0-2.0,법정지목,2지역,2지역,UJS-B007,UJS-B007-03,,,,,,,,,,,,,,,0,0,0,0,0,,,,,,
260,B,울산울주,2025.12.16,추가,4,2.0-3.0,법정지목,2지역,2지역,UJS-B007,UJS-B007-04,,,,,,,,,,,,,,,0,0,0,0,0,,,,,,
261,B,울산울주,2025.12.16,최초,1,0-0.15,법정지목,2지역,2지역,UJS-B008,UJS-B008-01,,,,,,,,,,,,,,,0,0,0,0,0,,,,,,
262,B,울산울주,2025.12.16,추가,2,0.15-1.0,법정지목,2지역,2지역,UJS-B008,UJS-B008-02,,,,,,,,,,,,,,,0,0,0,0,0,,,,,,
263,B,울산울주,2025.12.16,추가,3,1.0-2.0,법정지목,2지역,2지역,UJS-B008,UJS-B008-03,,,,,,,,,,,,,,,0,0,0,0,0,,,,,,
264,B,울산울주,2025.12.16,추가,4,2.0-3.0,법정지목,2지역,2지역,UJS-B008,UJS-B008-04,,,,,,,,,,,,,,,0,0,0,0,0,,,,,,
265,B,울산울주,2025.12.16,최초,1,0-0.15,법정지목,2지역,2지역,UJS-B040,UJS-B040-01,,,,,,,,,,,,,,,0,0,0,0,0,,,,,,
266,B,울산울주,2025.12.16,추가,2,0.15-1.0,법정지목,2지역,2지역,UJS-B040,UJS-B040-02,,,,,,,,,,,,,,,0,0,0,0,0,,,,,,
267,B,울산울주,2025.12.16,추가,3,1.0-2.0,법정지목,2지역,2지역,UJS-B040,UJS-B040-03,,,,,,,,,,,,,,,0,0,0,0,0,,,,,,
268,B,울산울주,2025.12.16,추가,4,2.0-3.0,법정지목,2지역,2지역,UJS-B040,UJS-B040-04,,,,,,,,,,,,,,,0,0,0,0,0,,,,,,
269,B,울산울주,2025.12.16,최초,1,0-0.15,법정지목,2지역,2지역,UJS-B006,UJS-B006-01,,,,,,,,,,,,,,,0,0,0,0,0,,,,,,
270,B,울산울주,2025.12.16,추가,2,0.15-1.0,법정지목,2지역,2지역,UJS-B006,UJS-B006-02,,,,,,,,,,,,,,,0,0,0,0,0,,,,,,
271,B,울산울주,2025.12.16,추가,3,1.0-2.0,법정지목,2지역,2지역,UJS-B006,UJS-B006-03,,,,,,,,,,,,,,,0,0,0,0,0,,,,,,
272,B,울산울주,2025.12.16,추가,4,2.0-2.7,법정지목,2지역,2지역,UJS-B006,UJS-B006-04,,,,,,,,,,,,,,,0,0,0,0,0,,,,,,
273,B,울산울주,2025.12.17,최초,1,0-0.15,법정지목,2지역,2지역,UJS-B013,UJS-B013-01,,22.7,,,18.7,,,,,,,,,,,,,,,,,,,,
274,B,울산울주,2025.12.17,추가,2,0.15-0.3,법정지목,2지역,2지역,UJS-B013,UJS-B013-02,,14.6,,,12.8,,,,,,,,,,,,,,,,,,,,
275,B,울산울주,2025.12.17,추가,3,0.3-0.6,법정지목,2지역,2지역,UJS-B013,UJS-B013-03,,14.5,,,11.1,,,,,,,,,,,,,,,,,,,,
276,B,울산울주,2025.12.17,추가,4,0.6-1.0,법정지목,2지역,2지역,UJS-B013,UJS-B013-04,,14.6,,,10.2,,,,,,,,,,,,,,,,,,,,
277,B,울산울주,2025.12.17,추가,5,1.0-1.5,법정지목,2지역,2지역,UJS-B013,UJS-B013-05,,17.9,,,11.5,,,,,,,,,,,,,,,,,,,,
278,B,울산울주,2025.12.17,추가,6,1.5-2.0,법정지목,2지역,2지역,UJS-B013,UJS-B013-06,,26.5,,,5.4,,,,,,,,,,,,,,,,,,,,
279,B,울산울주,2025.12.17,최초,1,0-0.15,법정지목,2지역,2지역,UJS-B009,UJS-B009-01,,19.2,,,14.7,,,,,,,,,,,,,,,,,,,,
280,B,울산울주,2025.12.17,추가,2,0.15-0.3,법정지목,2지역,2지역,UJS-B009,UJS-B009-02,,19.2,,,15.6,,,,,,,,,,,,,,,,,,,,
281,B,울산울주,2025.12.17,추가,3,0.3-0.6,법정지목,2지역,2지역,UJS-B009,UJS-B009-03,,16.5,,,21.5,,,,,,,,,,,,,,,,,,,,
282,B,울산울주,2025.12.17,추가,4,0.6-1,법정지목,2지역,2지역,UJS-B009,UJS-B009-04,,12.5,,,10.7,,,,,,,,,,,,,,,,,,,,
283,B,울산울주,2025.12.17,추가,5,1.0-1.5,법정지목,2지역,2지역,UJS-B009,UJS-B009-05,,15.7,,,12.9,,,,,,,,,,,,,,,,,,,,
284,B,울산울주,2025.12.17,추가,6,1.5-2.0,법정지목,2지역,2지역,UJS-B009,UJS-B009-06,,22,,,13.4,,,,,,,,,,,,,,,,,,,,
285,B,울산울주,2025.12.17,추가,7,2.0-2.4,법정지목,2지역,2지역,UJS-B009,UJS-B009-07,,9.6,,,12.7,,,,,,,,,,,,,,,,,,,,
286,B,울산울주,2025.12.17,최초,1,0.0-0.15,법정지목,2지역,2지역,UJS-B011,UJS-B011-01,,10,,,13.8,,,,,,,,,,,,,,,,,,,,
287,B,울산울주,2025.12.17,추가,2,0.15-0.3,법정지목,2지역,2지역,UJS-B011,UJS-B011-02,,9.2,,,10.8,,,,,,,,,,,,,,,,,,,,
288,B,울산울주,2025.12.17,추가,3,0.3-0.6,법정지목,2지역,2지역,UJS-B011,UJS-B011-03,,10.9,,,11.2,,,,,,,,,,,,,,,,,,,,
289,B,울산울주,2025.12.17,추가,4,0.6-1.0,법정지목,2지역,2지역,UJS-B011,UJS-B011-04,,12.9,,,10.5,,,,,,,,,,,,,,,,,,,,
290,B,울산울주,2025.12.17,추가,5,1.0-1.5,법정지목,2지역,2지역,UJS-B011,UJS-B011-05,,10.6,,,10.6,,,,,,,,,,,,,,,,,,,,
291,B,울산울주,2025.12.17,추가,6,1.5-2.0,법정지목,2지역,2지역,UJS-B011,UJS-B011-06,,11.5,,,11.5,,,,,,,,,,,,,,,,,,,,
292,B,울산울주,2025.12.17,추가,7,2.0-2.5,법정지목,2지역,2지역,UJS-B011,UJS-B011-07,,18.7,,,11.5,,,,,,,,,,,,,,,,,,,,
293,B,울산울주,2025.12.17,추가,8,2.5-2.9,법정지목,2지역,2지역,UJS-B011,UJS-B011-08,,7.1,,,7.7,,,,,,,,,,,,,,,,,,,,
294,B,울산울주,2025.12.17,최초,1,0-0.15,법정지목,2지역,2지역,UJS-B012,UJS-B012-01,,12.3,,,12,,,,,,,,,,,,,,,,,,,,
295,B,울산울주,2025.12.17,추가,2,0.15-0.3,법정지목,2지역,2지역,UJS-B012,UJS-B012-02,,12.5,,,12.2,,,,,,,,,,,,,,,,,,,,
296,B,울산울주,2025.12.17,추가,3,0.3-0.6,법정지목,2지역,2지역,UJS-B012,UJS-B012-03,,11.4,,,11.1,,,,,,,,,,,,,,,,,,,,
297,B,울산울주,2025.12.17,추가,4,0.6-1.0,법정지목,2지역,2지역,UJS-B012,UJS-B012-04,,13.3,,,11.5,,,,,,,,,,,,,,,,,,,,
298,B,울산울주,2025.12.17,추가,5,1.0-1.5,법정지목,2지역,2지역,UJS-B012,UJS-B012-05,,12.7,,,11.2,,,,,,,,,,,,,,,,,,,,
299,B,울산울주,2025.12.17,추가,6,1.5-2.0,법정지목,2지역,2지역,UJS-B012,UJS-B012-06,,14.1,,,10.6,,,,,,,,,,,,,,,,,,,,
300,B,울산울주,2025.12.17,추가,7,2.0-2.5,법정지목,2지역,2지역,UJS-B012,UJS-B012-07,,7,,,6.5,,,,,,,,,,,,,,,,,,,,
301,A,울산울주,2025.12.17,추가,2,0.15-0.3,법정지목,2지역,2지역,UJS-A067,UJS-A067-02,,12.8,,,10.9,,,,,,,,,,,,,,,,,,,,
302,A,울산울주,2025.12.17,추가,3,0.3-0.6,법정지목,2지역,2지역,UJS-A067,UJS-A067-03,,9.4,,,10.3,,,,,,,,,,,,,,,,,,,,
303,A,울산울주,2025.12.17,추가,4,0.6-1.0,법정지목,2지역,2지역,UJS-A067,UJS-A067-04,,9.9,,,10.7,,,,,,,,,,,,,,,,,,,,
304,A,울산울주,2025.12.17,추가,5,1.0-1.5,법정지목,2지역,2지역,UJS-A067,UJS-A067-05,,15.6,,,11.9,,,,,,,,,,,,,,,,,,,,
305,A,울산울주,2025.12.17,추가,6,1.5-2.0,법정지목,2지역,2지역,UJS-A067,UJS-A067-06,,15.6,,,11.5,,,,,,,,,,,,,,,,,,,,
306,A,울산울주,2025.12.17,추가,7,2.0-2.3,법정지목,2지역,2지역,UJS-A067,UJS-A067-07,,12.8,,,11.1,,,,,,,,,,,,,,,,,,,,
307,B,울산울주,2025.12.17,최초,1,0-0.15,법정지목,2지역,2지역,UJS-B010,UJS-B010-01,,11.4,,,18.5,,,,,,,,,,,,,,,,,,,,
308,B,울산울주,2025.12.17,추가,2,0.15-0.3,법정지목,2지역,2지역,UJS-B010,UJS-B010-02,,8.3,,,12.2,,,,,,,,,,,,,,,,,,,,
309,B,울산울주,2025.12.17,추가,3,0.3-0.6,법정지목,2지역,2지역,UJS-B010,UJS-B010-03,,9.7,,,11.8,,,,,,,,,,,,,,,,,,,,
310,B,울산울주,2025.12.17,추가,4,0.6-1.0,법정지목,2지역,2지역,UJS-B010,UJS-B010-04,,11.9,,,12.1,,,,,,,,,,,,,,,,,,,,
311,B,울산울주,2025.12.17,추가,5,1.0-1.5,법정지목,2지역,2지역,UJS-B010,UJS-B010-05,,9,,,10.7,,,,,,,,,,,,,,,,,,,,
312,B,울산울주,2025.12.17,추가,6,1.5-1.8,법정지목,2지역,2지역,UJS-B010,UJS-B010-06,,3.4,,,5.8,,,,,,,,,,,,,,,,,,,,
313,B,울산울주,2025.12.17,최초,1,0-0.15,법정지목,1지역,1지역,UJS-B030,UJS-B030-01,,17.7,,,15.4,,,,,,,,,,,,,,,,,,,,
314,B,울산울주,2025.12.17,추가,2,0.15-0.3,법정지목,1지역,1지역,UJS-B030,UJS-B030-02,,18.4,,,18.8,,,,,,,,,,,,,,,,,,,,
315,B,울산울주,2025.12.17,추가,3,0.3-0.6,법정지목,1지역,1지역,UJS-B030,UJS-B030-03,,21.7,,,22.1,,,,,,,,,,,,,,,,,,,,
316,B,울산울주,2025.12.17,추가,4,0.6-1.0,법정지목,1지역,1지역,UJS-B030,UJS-B030-04,,26.9,,,19.6,,,,,,,,,,,,,,,,,,,,
317,B,울산울주,2025.12.17,추가,5,1.0-1.3,법정지목,1지역,1지역,UJS-B030,UJS-B030-05,,18.2,,,17.1,,,,,,,,,,,,,,,,,,,,
318,B,울산울주,2025.12.17,최초,1,0-0.15,법정지목,1지역,1지역,UJS-B031,UJS-B031-01,,32.8,,,29.1,,,,,,,,,,,,,,,,,,,,
319,B,울산울주,2025.12.17,추가,2,0.15-0.3,법정지목,1지역,1지역,UJS-B031,UJS-B031-02,,17.8,,,15.5,,,,,,,,,,,,,,,,,,,,
320,B,울산울주,2025.12.17,추가,3,0.3-0.6,법정지목,1지역,1지역,UJS-B031,UJS-B031-03,,16,,,13.9,,,,,,,,,,,,,,,,,,,,
321,B,울산울주,2025.12.17,추가,4,0.6-1.0,법정지목,1지역,1지역,UJS-B031,UJS-B031-04,,16.6,,,11.7,,,,,,,,,,,,,,,,,,,,
322,B,울산울주,2025.12.17,추가,5,1.0-1.5,법정지목,1지역,1지역,UJS-B031,UJS-B031-05,,21.4,,,22.1,,,,,,,,,,,,,,,,,,,,
323,B,울산울주,2025.12.17,추가,6,1.5-2.0,법정지목,1지역,1지역,UJS-B031,UJS-B031-06,,16.8,,,16.3,,,,,,,,,,,,,,,,,,,,
324,A,울산울주,2025.12.17,추가,2,0.15-0.3,법정지목,1지역,1지역,UJS-A078,UJS-A078-02,,17.3,,,16.5,,,,,,,,,,,,,,,,,,,,
325,A,울산울주,2025.12.17,추가,3,0.3-0.6,법정지목,1지역,1지역,UJS-A078,UJS-A078-03,,14.8,,,15.4,,,,,,,,,,,,,,,,,,,,
326,A,울산울주,2025.12.17,추가,4,0.6-1.0,법정지목,1지역,1지역,UJS-A078,UJS-A078-04,,19,,,15.7,,,,,,,,,,,,,,,,,,,,
327,A,울산울주,2025.12.17,추가,5,1.0-1.5,법정지목,1지역,1지역,UJS-A078,UJS-A078-05,,16.4,,,14.2,,,,,,,,,,,,,,,,,,,,
328,A,울산울주,2025.12.17,추가,6,1.5-1.8,법정지목,1지역,1지역,UJS-A078,UJS-A078-06,,23.4,,,14.2,,,,,,,,,,,,,,,,,,,,
329,B,울산울주,2025.12.17,최초,1,0-0.15,법정지목,1지역,1지역,UJS-B029,UJS-B029-01,,39.9,,,189.2,,,,,,,,,,,,,,,,,,,,
330,B,울산울주,2025.12.17,추가,2,0.15-0.3,법정지목,1지역,1지역,UJS-B029,UJS-B029-02,,52.9,,,173.3,,,,,,,,,,,,,,,,,,,,
331,B,울산울주,2025.12.17,추가,3,0.3-0.6,법정지목,1지역,1지역,UJS-B029,UJS-B029-03,,25.3,,,21.4,,,,,,,,,,,,,,,,,,,,
332,B,울산울주,2025.12.17,추가,4,0.6-1.0,법정지목,1지역,1지역,UJS-B029,UJS-B029-04,,20,,,14.2,,,,,,,,,,,,,,,,,,,,
333,B,울산울주,2025.12.17,추가,5,1.0-1.3,법정지목,1지역,1지역,UJS-B029,UJS-B029-05,,19.2,,,14.7,,,,,,,,,,,,,,,,,,,,
334,B,울산울주,2025.12.17,최초,1,0-0.15,법정지목,1지역,1지역,UJS-B028,UJS-B028-01,,60.3,,,370.2,,,,,,,,,,,,,,,,,,,,
335,B,울산울주,2025.12.17,추가,2,0.15-0.3,법정지목,1지역,1지역,UJS-B028,UJS-B028-02,,41.9,,,169.6,,,,,,,,,,,,,,,,,,,,
336,B,울산울주,2025.12.17,추가,3,0.3-0.6,법정지목,1지역,1지역,UJS-B028,UJS-B028-03,,30.2,,,173.2,,,,,,,,,,,,,,,,,,,,
337,B,울산울주,2025.12.17,추가,4,0.6-1.0,법정지목,1지역,1지역,UJS-B028,UJS-B028-04,,14.1,,,56.4,,,,,,,,,,,,,,,,,,,,
338,B,울산울주,2025.12.17,추가,5,1.0-1.5,법정지목,1지역,1지역,UJS-B028,UJS-B028-05,,8.2,,,11.5,,,,,,,,,,,,,,,,,,,,
339,B,울산울주,2025.12.17,추가,6,1.5-1.8,법정지목,1지역,1지역,UJS-B028,UJS-B028-06,,12.9,,,11.6,,,,,,,,,,,,,,,,,,,,
340,B,울산울주,2025.12.17,최초,1,0-0.15,법정지목,1지역,1지역,UJS-B025,UJS-B025-01,,118.9,,,964.8,,,,,,,,,,,,,,,,,,,,
341,B,울산울주,2025.12.17,추가,2,0.15-0.3,법정지목,1지역,1지역,UJS-B025,UJS-B025-02,,61.3,,,157.4,,,,,,,,,,,,,,,,,,,,
342,B,울산울주,2025.12.17,추가,3,0.3-0.6,법정지목,1지역,1지역,UJS-B025,UJS-B025-03,,16.1,,,24.4,,,,,,,,,,,,,,,,,,,,
343,B,울산울주,2025.12.17,추가,4,0.6-1.0,법정지목,1지역,1지역,UJS-B025,UJS-B025-04,,18.6,,,13.7,,,,,,,,,,,,,,,,,,,,
344,B,울산울주,2025.12.17,최초,1,0-0.15,법정지목,1지역,1지역,UJS-B026,UJS-B026-01,,75.4,,,915.9,,,,,,,,,,,,,,,,,,,,
345,B,울산울주,2025.12.17,추가,2,0.15-0.3,법정지목,1지역,1지역,UJS-B026,UJS-B026-02,,21,,,141.7,,,,,,,,,,,,,,,,,,,,
346,B,울산울주,2025.12.17,추가,3,0.3-0.6,법정지목,1지역,1지역,UJS-B026,UJS-B026-03,,12.9,,,19.6,,,,,,,,,,,,,,,,,,,,
347,B,울산울주,2025.12.17,추가,4,0.6-1.0,법정지목,1지역,1지역,UJS-B026,UJS-B026-04,,21.9,,,24.8,,,,,,,,,,,,,,,,,,,,
348,B,울산울주,2025.12.17,추가,5,1.0-1.4,법정지목,1지역,1지역,UJS-B026,UJS-B026-05,,26.3,,,21.8,,,,,,,,,,,,,,,,,,,,
349,B,울산울주,2025.12.17,최초,1,0-0.15,법정지목,1지역,1지역,UJS-B027,UJS-B027-01,,121,,,682.7,,,,,,,,,,,,,,,,,,,,
350,B,울산울주,2025.12.17,추가,2,0.15-0.3,법정지목,1지역,1지역,UJS-B027,UJS-B027-02,,16.4,,,36.1,,,,,,,,,,,,,,,,,,,,
351,B,울산울주,2025.12.17,추가,3,0.3-0.6,법정지목,1지역,1지역,UJS-B027,UJS-B027-03,,13.4,,,18.3,,,,,,,,,,,,,,,,,,,,
352,B,울산울주,2025.12.17,추가,4,0.6-1.0,법정지목,1지역,1지역,UJS-B027,UJS-B027-04,,20.5,,,58.7,,,,,,,,,,,,,,,,,,,,
353,B,울산울주,2025.12.17,추가,5,1.0-1.5,법정지목,1지역,1지역,UJS-B027,UJS-B027-05,,21.6,,,18.2,,,,,,,,,,,,,,,,,,,,
354,B,울산울주,2025.12.17,추가,6,1.5-2.0,법정지목,1지역,1지역,UJS-B027,UJS-B027-06,,31.4,,,23.9,,,,,,,,,,,,,,,,,,,,
355,B,울산울주,2025.12.17,추가,7,2.0-2.3,법정지목,1지역,1지역,UJS-B027,UJS-B027-07,,9.8,,,16.4,,,,,,,,,,,,,,,,,,,,
356,B,울산울주,2025.12.17,최초,1,0-0.15,법정지목,1지역,1지역,UJS-B022,UJS-B022-01,,82.3,,,592.7,,,,,,,,,,,,,,,,,,,,
357,B,울산울주,2025.12.17,추가,2,0.15-0.3,법정지목,1지역,1지역,UJS-B022,UJS-B022-02,,19.8,,,35.8,,,,,,,,,,,,,,,,,,,,
358,B,울산울주,2025.12.17,추가,3,0.3-0.6,법정지목,1지역,1지역,UJS-B022,UJS-B022-03,,22.4,,,34.5,,,,,,,,,,,,,,,,,,,,
359,B,울산울주,2025.12.17,추가,4,0.6-1.0,법정지목,1지역,1지역,UJS-B022,UJS-B022-04,,17.3,,,15.1,,,,,,,,,,,,,,,,,,,,
360,B,울산울주,2025.12.17,추가,5,1.0-1.5,법정지목,1지역,1지역,UJS-B022,UJS-B022-05,,19,,,32.8,,,,,,,,,,,,,,,,,,,,
361,B,울산울주,2025.12.17,추가,6,1.5-2.0,법정지목,1지역,1지역,UJS-B022,UJS-B022-06,,23.7,,,12.3,,,,,,,,,,,,,,,,,,,,
362,B,울산울주,2025.12.17,최초,1,0-0.15,법정지목,1지역,1지역,UJS-B023,UJS-B023-01,,79.4,,,465.6,,,,,,,,,,,,,,,,,,,,
363,B,울산울주,2025.12.17,추가,2,0.15-0.3,법정지목,1지역,1지역,UJS-B023,UJS-B023-02,,24.4,,,61.6,,,,,,,,,,,,,,,,,,,,
364,B,울산울주,2025.12.17,추가,3,0.3-0.6,법정지목,1지역,1지역,UJS-B023,UJS-B023-03,,21.9,,,47.9,,,,,,,,,,,,,,,,,,,,
365,B,울산울주,2025.12.17,추가,4,0.6-1.0,법정지목,1지역,1지역,UJS-B023,UJS-B023-04,,18.2,,,31.2,,,,,,,,,,,,,,,,,,,,
366,B,울산울주,2025.12.17,추가,5,1.0-1.5,법정지목,1지역,1지역,UJS-B023,UJS-B023-05,,11.8,,,9.6,,,,,,,,,,,,,,,,,,,,
367,B,울산울주,2025.12.17,최초,1,0-0.15,법정지목,1지역,1지역,UJS-B021,UJS-B021-01,,281.4,,,1292.4,,,,,,,,,,,,,,,,,,,,
368,B,울산울주,2025.12.17,추가,2,0.15-0.3,법정지목,1지역,1지역,UJS-B021,UJS-B021-02,,24.3,,,61.4,,,,,,,,,,,,,,,,,,,,
369,B,울산울주,2025.12.17,추가,3,0.3-0.6,법정지목,1지역,1지역,UJS-B021,UJS-B021-03,,14.8,,,14.3,,,,,,,,,,,,,,,,,,,,
370,B,울산울주,2025.12.17,추가,4,0.6-1.0,법정지목,1지역,1지역,UJS-B021,UJS-B021-04,,18.6,,,22.9,,,,,,,,,,,,,,,,,,,,
371,B,울산울주,2025.12.17,추가,5,1.0-1.5,법정지목,1지역,1지역,UJS-B021,UJS-B021-05,,16.2,,,11.4,,,,,,,,,,,,,,,,,,,,
372,B,울산울주,2025.12.17,추가,6,1.5-2.0,법정지목,1지역,1지역,UJS-B021,UJS-B021-06,,15.5,,,12.7,,,,,,,,,,,,,,,,,,,,
373,B,울산울주,2025.12.17,최초,1,0-0.15,법정지목,1지역,1지역,UJS-B020,UJS-B020-01,,16.4,,,20.6,,,,,,,,,,,,,,,,,,,,
374,B,울산울주,2025.12.17,추가,2,0.15-0.3,법정지목,1지역,1지역,UJS-B020,UJS-B020-02,,12.6,,,12.4,,,,,,,,,,,,,,,,,,,,
375,B,울산울주,2025.12.17,추가,3,0.3-0.6,법정지목,1지역,1지역,UJS-B020,UJS-B020-03,,11.4,,,10.8,,,,,,,,,,,,,,,,,,,,
376,B,울산울주,2025.12.17,추가,4,0.6-1.0,법정지목,1지역,1지역,UJS-B020,UJS-B020-04,,14.2,,,10.3,,,,,,,,,,,,,,,,,,,,
377,B,울산울주,2025.12.17,추가,5,1.0-1.5,법정지목,1지역,1지역,UJS-B020,UJS-B020-05,,13.5,,,10.3,,,,,,,,,,,,,,,,,,,,
378,B,울산울주,2025.12.17,추가,6,1.5-2.0,법정지목,1지역,1지역,UJS-B020,UJS-B020-06,,18.2,,,11.2,,,,,,,,,,,,,,,,,,,,
379,B,울산울주,2025.12.17,추가,7,2.0-2.3,법정지목,1지역,1지역,UJS-B020,UJS-B020-07,,33.7,,,3.4,,,,,,,,,,,,,,,,,,,,
380,B,울산울주,2025.12.18,최초,1,0-0.15,법정지목,1지역,1지역,UJS-B019,UJS-B019-01,,20.7,,,59.3,,,,,,,,,,,,,,,,,,,,
381,B,울산울주,2025.12.18,추가,2,0.15-0.3,법정지목,1지역,1지역,UJS-B019,UJS-B019-02,,14,,,23.9,,,,,,,,,,,,,,,,,,,,
382,B,울산울주,2025.12.18,추가,3,0.3-0.6,법정지목,1지역,1지역,UJS-B019,UJS-B019-03,,12.5,,,13.8,,,,,,,,,,,,,,,,,,,,
383,B,울산울주,2025.12.18,추가,4,0.6-1.0,법정지목,1지역,1지역,UJS-B019,UJS-B019-04,,13.5,,,14.8,,,,,,,,,,,,,,,,,,,,
384,B,울산울주,2025.12.18,추가,5,1.0-1.5,법정지목,1지역,1지역,UJS-B019,UJS-B019-05,,13.3,,,11.8,,,,,,,,,,,,,,,,,,,,
385,B,울산울주,2025.12.18,추가,6,1.5-2.0,법정지목,1지역,1지역,UJS-B019,UJS-B019-06,,16.4,,,11.5,,,,,,,,,,,,,,,,,,,,
386,B,울산울주,2025.12.18,추가,7,2.0-2.4,법정지목,1지역,1지역,UJS-B019,UJS-B019-07,,19.7,,,14.8,,,,,,,,,,,,,,,,,,,,
387,B,울산울주,2025.12.18,최초,1,0-0.15,법정지목,1지역,1지역,UJS-B018,UJS-B018-01,,33.5,,,139.4,,,,,,,,,,,,,,,,,,,,
388,B,울산울주,2025.12.18,추가,2,0.15-0.3,법정지목,1지역,1지역,UJS-B018,UJS-B018-02,,13.4,,,22.8,,,,,,,,,,,,,,,,,,,,
389,B,울산울주,2025.12.18,추가,3,0.3-0.6,법정지목,1지역,1지역,UJS-B018,UJS-B018-03,,11.7,,,13.7,,,,,,,,,,,,,,,,,,,,
390,B,울산울주,2025.12.18,추가,4,0.6-1.0,법정지목,1지역,1지역,UJS-B018,UJS-B018-04,,12.9,,,13.6,,,,,,,,,,,,,,,,,,,,
391,B,울산울주,2025.12.18,추가,5,1.0-1.5,법정지목,1지역,1지역,UJS-B018,UJS-B018-05,,14.7,,,11.2,,,,,,,,,,,,,,,,,,,,
392,B,울산울주,2025.12.18,추가,6,1.5-2.0,법정지목,1지역,1지역,UJS-B018,UJS-B018-06,,31.9,,,16,,,,,,,,,,,,,,,,,,,,
393,B,울산울주,2025.12.18,추가,7,2.0-2.4,법정지목,1지역,1지역,UJS-B018,UJS-B018-07,,6.8,,,10,,,,,,,,,,,,,,,,,,,,
394,B,울산울주,2025.12.18,최초,1,0-0.15,법정지목,1지역,1지역,UJS-B014,UJS-B014-01,,50.6,,,424.3,,,,,,,,,,,,,,,,,,,,
395,B,울산울주,2025.12.18,추가,2,0.15-0.3,법정지목,1지역,1지역,UJS-B014,UJS-B014-02,,15.8,,,64.8,,,,,,,,,,,,,,,,,,,,
396,B,울산울주,2025.12.18,추가,3,0.3-0.6,법정지목,1지역,1지역,UJS-B014,UJS-B014-03,,14.1,,,40.1,,,,,,,,,,,,,,,,,,,,
397,B,울산울주,2025.12.18,추가,4,0.6-1.0,법정지목,1지역,1지역,UJS-B014,UJS-B014-04,,13.8,,,14.5,,,,,,,,,,,,,,,,,,,,
398,B,울산울주,2025.12.18,추가,5,1.0-1.5,법정지목,1지역,1지역,UJS-B014,UJS-B014-05,,22.1,,,65.3,,,,,,,,,,,,,,,,,,,,
399,B,울산울주,2025.12.18,추가,6,1.5-2.0,법정지목,1지역,1지역,UJS-B014,UJS-B014-06,,16.5,,,18.7,,,,,,,,,,,,,,,,,,,,
400,B,울산울주,2025.12.18,추가,7,2.0-2.5,법정지목,1지역,1지역,UJS-B014,UJS-B014-07,,19.8,,,14.6,,,,,,,,,,,,,,,,,,,,
401,B,울산울주,2025.12.18,최초,1,0-0.15,법정지목,1지역,1지역,UJS-B017,UJS-B017-01,,19.4,,,31.5,,,,,,,,,,,,,,,,,,,,
402,B,울산울주,2025.12.18,추가,2,0.15-0.3,법정지목,1지역,1지역,UJS-B017,UJS-B017-02,,16.3,,,14.3,,,,,,,,,,,,,,,,,,,,
403,B,울산울주,2025.12.18,추가,3,0.3-0.6,법정지목,1지역,1지역,UJS-B017,UJS-B017-03,,14.9,,,11.4,,,,,,,,,,,,,,,,,,,,
404,B,울산울주,2025.12.18,추가,4,0.6-1.0,법정지목,1지역,1지역,UJS-B017,UJS-B017-04,,14.4,,,13.6,,,,,,,,,,,,,,,,,,,,
405,B,울산울주,2025.12.18,추가,5,1.0-1.5,법정지목,1지역,1지역,UJS-B017,UJS-B017-05,,12.2,,,11.9,,,,,,,,,,,,,,,,,,,,
406,B,울산울주,2025.12.18,추가,6,1.5-2.0,법정지목,1지역,1지역,UJS-B017,UJS-B017-06,,15.1,,,11.1,,,,,,,,,,,,,,,,,,,,
407,B,울산울주,2025.12.18,추가,7,2.0-2.5,법정지목,1지역,1지역,UJS-B017,UJS-B017-07,,9.4,,,12.6,,,,,,,,,,,,,,,,,,,,
408,B,울산울주,2025.12.18,추가,8,2.5-3.0,법정지목,1지역,1지역,UJS-B017,UJS-B017-08,,3.9,,,9.5,,,,,,,,,,,,,,,,,,,,
409,B,울산울주,2025.12.18,최초,1,0-0.15,법정지목,1지역,1지역,UJS-B015,UJS-B015-01,,76,,,624.8,,,,,,,,,,,,,,,,,,,,
410,B,울산울주,2025.12.18,추가,2,0.15-0.3,법정지목,1지역,1지역,UJS-B015,UJS-B015-02,,23.3,,,73.4,,,,,,,,,,,,,,,,,,,,
411,B,울산울주,2025.12.18,추가,3,0.3-0.6,법정지목,1지역,1지역,UJS-B015,UJS-B015-03,,18.4,,,21,,,,,,,,,,,,,,,,,,,,
412,B,울산울주,2025.12.18,추가,4,0.6-1.0,법정지목,1지역,1지역,UJS-B015,UJS-B015-04,,17.5,,,16.2,,,,,,,,,,,,,,,,,,,,
413,B,울산울주,2025.12.18,추가,5,1.0-1.5,법정지목,1지역,1지역,UJS-B015,UJS-B015-05,,14.7,,,19.8,,,,,,,,,,,,,,,,,,,,
414,B,울산울주,2025.12.18,추가,6,1.5-2.0,법정지목,1지역,1지역,UJS-B015,UJS-B015-06,,15.7,,,19.6,,,,,,,,,,,,,,,,,,,,
415,B,울산울주,2025.12.18,추가,7,2.0-2.5,법정지목,1지역,1지역,UJS-B015,UJS-B015-07,,8.9,,,18.4,,,,,,,,,,,,,,,,,,,,
416,B,울산울주,2025.12.18,추가,8,2.5-3.0,법정지목,1지역,1지역,UJS-B015,UJS-B015-08,,2.9,,,12.3,,,,,,,,,,,,,,,,,,,,
417,B,울산울주,2025.12.18,최초,1,0-0.15,법정지목,1지역,1지역,UJS-B016,UJS-B016-01,,275.9,,,1796.6,,,,,,,,,,,,,,,,,,,,
418,B,울산울주,2025.12.18,추가,2,0.15-0.3,법정지목,1지역,1지역,UJS-B016,UJS-B016-02,,29.4,,,115.5,,,,,,,,,,,,,,,,,,,,
419,B,울산울주,2025.12.18,추가,3,0.3-0.6,법정지목,1지역,1지역,UJS-B016,UJS-B016-03,,20.7,,,20,,,,,,,,,,,,,,,,,,,,
420,B,울산울주,2025.12.18,추가,4,0.6-1.0,법정지목,1지역,1지역,UJS-B016,UJS-B016-04,,23.9,,,15.6,,,,,,,,,,,,,,,,,,,,
421,B,울산울주,2025.12.18,추가,5,1.0-1.5,법정지목,1지역,1지역,UJS-B016,UJS-B016-05,,21.2,,,37,,,,,,,,,,,,,,,,,,,,
422,B,울산울주,2025.12.18,추가,6,1.5-2.0,법정지목,1지역,1지역,UJS-B016,UJS-B016-06,,19,,,15.3,,,,,,,,,,,,,,,,,,,,
423,B,울산울주,2025.12.18,추가,7,2.0-2.5,법정지목,1지역,1지역,UJS-B016,UJS-B016-07,,14.7,,,22.3,,,,,,,,,,,,,,,,,,,,
424,B,울산울주,2025.12.18,추가,8,2.5-3.0,법정지목,1지역,1지역,UJS-B016,UJS-B016-08,,5.1,,,11.4,,,,,,,,,,,,,,,,,,,,
425,B,울산울주,2025.12.18,최초,1,0-0.15,법정지목,1지역,1지역,UJS-B024,UJS-B024-01,,37.8,,,177.8,,,,,,,,,,,,,,,,,,,,
426,B,울산울주,2025.12.18,추가,2,0.15-0.3,법정지목,1지역,1지역,UJS-B024,UJS-B024-02,,49.8,,,236.1,,,,,,,,,,,,,,,,,,,,
427,B,울산울주,2025.12.18,추가,3,0.3-0.6,법정지목,1지역,1지역,UJS-B024,UJS-B024-03,,43.1,,,214.2,,,,,,,,,,,,,,,,,,,,
428,B,울산울주,2025.12.18,추가,4,0.6-1.0,법정지목,1지역,1지역,UJS-B024,UJS-B024-04,,52.9,,,258.1,,,,,,,,,,,,,,,,,,,,
429,B,울산울주,2025.12.18,추가,5,1.0-1.5,법정지목,1지역,1지역,UJS-B024,UJS-B024-05,,65.3,,,509.5,,,,,,,,,,,,,,,,,,,,
430,B,울산울주,2025.12.18,추가,6,1.5-2.0,법정지목,1지역,1지역,UJS-B024,UJS-B024-06,,89.2,,,239.6,,,,,,,,,,,,,,,,,,,,
431,B,울산울주,2025.12.18,추가,7,2.0-2.5,법정지목,1지역,1지역,UJS-B024,UJS-B024-07,,70,,,409.5,,,,,,,,,,,,,,,,,,,,
432,B,울산울주,2025.12.18,추가,8,2.5-3.0,법정지목,1지역,1지역,UJS-B024,UJS-B024-08,,214.7,,,2082.5,,,,,,,,,,,,,,,,,,,,
433,A,울산울주,2025.12.18,추가,2,0.15-0.3,법정지목,1지역,1지역,UJS-A075,UJS-A075-02,,44.2,,,218.8,,,,,,,,,,,,,,,,,,,,
434,A,울산울주,2025.12.18,추가,3,0.3-0.6,법정지목,1지역,1지역,UJS-A075,UJS-A075-03,,47.3,,,201.7,,,,,,,,,,,,,,,,,,,,
435,A,울산울주,2025.12.18,추가,4,0.6-1.0,법정지목,1지역,1지역,UJS-A075,UJS-A075-04,,50.2,,,236.1,,,,,,,,,,,,,,,,,,,,
436,A,울산울주,2025.12.18,추가,5,1.0-1.5,법정지목,1지역,1지역,UJS-A075,UJS-A075-05,,55.6,,,323.5,,,,,,,,,,,,,,,,,,,,
437,A,울산울주,2025.12.18,추가,6,1.5-2.0,법정지목,1지역,1지역,UJS-A075,UJS-A075-06,,46.1,,,332.7,,,,,,,,,,,,,,,,,,,,
438,A,울산울주,2025.12.18,추가,7,2.0-2.5,법정지목,1지역,1지역,UJS-A075,UJS-A075-07,,46.9,,,311,,,,,,,,,,,,,,,,,,,,
439,A,울산울주,2025.12.18,추가,8,2.5-3.0,법정지목,1지역,1지역,UJS-A075,UJS-A075-08,,30.9,,,136.4,,,,,,,,,,,,,,,,,,,,
440,B,울산울주,2025.12.18,최초,1,0-0.15,법정지목,1지역,1지역,UJS-B041,UJS-B041-01,,43.5,,,207.3,,,,,,,,,,,,,,,,,,,,
441,B,울산울주,2025.12.18,추가,2,0.15-0.3,법정지목,1지역,1지역,UJS-B041,UJS-B041-02,,44.1,,,213.8,,,,,,,,,,,,,,,,,,,,
442,B,울산울주,2025.12.18,추가,3,0.3-0.6,법정지목,1지역,1지역,UJS-B041,UJS-B041-03,,53.5,,,211.3,,,,,,,,,,,,,,,,,,,,
443,B,울산울주,2025.12.18,추가,4,0.6-1.0,법정지목,1지역,1지역,UJS-B041,UJS-B041-04,,99.6,,,113.6,,,,,,,,,,,,,,,,,,,,
444,B,울산울주,2025.12.18,추가,5,1.0-1.5,법정지목,1지역,1지역,UJS-B041,UJS-B041-05,,83.2,,,885.6,,,,,,,,,,,,,,,,,,,,
445,B,울산울주,2025.12.18,추가,6,1.5-1.8,법정지목,1지역,1지역,UJS-B041,UJS-B041-06,,169.1,,,640.8,,,,,,,,,,,,,,,,,,,,
446,B,울산울주,2025.12.18,최초,1,0-0.15,법정지목,1지역,1지역,UJS-B042,UJS-B042-01,,,,,,,,,,,,,,,0,0,0,0,0,,,,,,
447,B,울산울주,2025.12.18,추가,2,0.15-1.0,법정지목,1지역,1지역,UJS-B042,UJS-B042-02,,,,,,,,,,,,,,,0,0,0,0,190,,,,,,
448,B,울산울주,2025.12.18,추가,3,1.0-1.5,법정지목,1지역,1지역,UJS-B042,UJS-B042-03,,,,,,,,,,,,,,,0,0,0,0,0,,,,,,
449,B,울산울주,2026.01.16,최초,1,0-0.15,법정지목,1지역,1지역,UJS-B050,UJS-B050-01,,16.5,,,71.7,,,,,,,,,,,,,,,,,,,,
450,B,울산울주,2026.01.16,추가,2,0.15-0.3,법정지목,1지역,1지역,UJS-B050,UJS-B050-02,,15.7,,,19.9,,,,,,,,,,,,,,,,,,,,
451,B,울산울주,2026.01.16,추가,3,0.3-0.6,법정지목,1지역,1지역,UJS-B050,UJS-B050-03,,15,,,15.4,,,,,,,,,,,,,,,,,,,,
452,B,울산울주,2026.01.16,추가,4,0.6-1.0,법정지목,1지역,1지역,UJS-B050,UJS-B050-04,,16.6,,,15.2,,,,,,,,,,,,,,,,,,,,
453,B,울산울주,2026.01.16,최초,1,0-0.15,법정지목,1지역,1지역,UJS-B049,UJS-B049-01,,111.2,,,814,,,,,,,,,,,,,,,,,,,,
454,B,울산울주,2026.01.16,추가,2,0.15-0.3,법정지목,1지역,1지역,UJS-B049,UJS-B049-02,,74.4,,,503.2,,,,,,,,,,,,,,,,,,,,
455,B,울산울주,2026.01.16,추가,3,0.3-0.6,법정지목,1지역,1지역,UJS-B049,UJS-B049-03,,84.7,,,650.2,,,,,,,,,,,,,,,,,,,,
456,B,울산울주,2026.01.16,추가,4,0.6-1.0,법정지목,1지역,1지역,UJS-B049,UJS-B049-04,,30.4,,,121.8,,,,,,,,,,,,,,,,,,,,
457,B,울산울주,2026.01.16,최초,1,0.0-0.15,법정지목,2지역,2지역,UJS-B047,UJS-B047-01,,85.3,,,288.7,,,,,,,,,,,,,,,,,,,,
458,B,울산울주,2026.01.16,추가,2,0.15-0.3,법정지목,2지역,2지역,UJS-B047,UJS-B047-02,,24.8,,,115.8,,,,,,,,,,,,,,,,,,,,
459,B,울산울주,2026.01.16,추가,3,0.3-0.6,법정지목,2지역,2지역,UJS-B047,UJS-B047-03,,16.2,,,20.2,,,,,,,,,,,,,,,,,,,,
460,B,울산울주,2026.01.16,추가,4,0.6-1.0,법정지목,2지역,2지역,UJS-B047,UJS-B047-04,,6.3,,,13.8,,,,,,,,,,,,,,,,,,,,
461,B,울산울주,2026.01.16,최초,1,0.0-0.15,법정지목,1지역,1지역,UJS-B048,UJS-B048-01,,24.7,,,47,,,,,,,,,,,,,,,,,,,,
462,B,울산울주,2026.01.16,추가,2,0.15-0.3,법정지목,1지역,1지역,UJS-B048,UJS-B048-02,,25.3,,,73.5,,,,,,,,,,,,,,,,,,,,
463,B,울산울주,2026.01.16,추가,3,0.3-0.6,법정지목,1지역,1지역,UJS-B048,UJS-B048-03,,50.1,,,249.9,,,,,,,,,,,,,,,,,,,,
464,B,울산울주,2026.01.16,추가,4,0.6-1.0,법정지목,1지역,1지역,UJS-B048,UJS-B048-04,,63.1,,,221.3,,,,,,,,,,,,,,,,,,,,
465,B,울산울주,2026.01.16,최초,1,0.0-0.15,법정지목,1지역,1지역,UJS-B052,UJS-B052-01,,25.3,,,115.9,,,,,,,,,,,,,,,,,,,,
466,B,울산울주,2026.01.16,추가,2,0.15-0.3,법정지목,1지역,1지역,UJS-B052,UJS-B052-02,,46.4,,,204,,,,,,,,,,,,,,,,,,,,
467,B,울산울주,2026.01.16,추가,3,0.3-0.6,법정지목,1지역,1지역,UJS-B052,UJS-B052-03,,180.7,,,1660.6,,,,,,,,,,,,,,,,,,,,
468,B,울산울주,2026.01.16,추가,4,0.6-1.0,법정지목,1지역,1지역,UJS-B052,UJS-B052-04,,213.2,,,1991.5,,,,,,,,,,,,,,,,,,,,
469,B,울산울주,2026.01.16,추가,5,1.0-1.5,법정지목,1지역,1지역,UJS-B052,UJS-B052-05,,64.5,,,630.8,,,,,,,,,,,,,,,,,,,,
470,B,울산울주,2026.01.16,추가,6,1.5-2.0,법정지목,1지역,1지역,UJS-B052,UJS-B052-06,,296.9,,,2469.1,,,,,,,,,,,,,,,,,,,,
471,B,울산울주,2026.01.16,최초,1,0.0-0.15,법정지목,1지역,1지역,UJS-B044,UJS-B044-01,,21.7,,,41.6,,,,,,,,,,,,,,,,,,,,
472,B,울산울주,2026.01.16,추가,2,0.15-0.3,법정지목,1지역,1지역,UJS-B044,UJS-B044-02,,22.8,,,36.1,,,,,,,,,,,,,,,,,,,,
473,B,울산울주,2026.01.16,추가,3,0.3-0.6,법정지목,1지역,1지역,UJS-B044,UJS-B044-03,,266.2,,,530,,,,,,,,,,,,,,,,,,,,
474,B,울산울주,2026.01.16,추가,4,0.6-1.0,법정지목,1지역,1지역,UJS-B044,UJS-B044-04,,108.2,,,493.1,,,,,,,,,,,,,,,,,,,,
475,B,울산울주,2026.01.16,최초,1,0.0-0.15,법정지목,1지역,1지역,UJS-B046,UJS-B046-01,,46.7,,,95.1,,,,,,,,,,,,,,,,,,,,
476,B,울산울주,2026.01.16,추가,2,0.15-0.3,법정지목,1지역,1지역,UJS-B046,UJS-B046-02,,57,,,119.2,,,,,,,,,,,,,,,,,,,,
477,B,울산울주,2026.01.16,추가,3,0.3-0.6,법정지목,1지역,1지역,UJS-B046,UJS-B046-03,,199,,,59.7,,,,,,,,,,,,,,,,,,,,
478,B,울산울주,2026.01.16,추가,4,0.6-1.0,법정지목,1지역,1지역,UJS-B046,UJS-B046-04,,38.4,,,27.6,,,,,,,,,,,,,,,,,,,,
479,B,울산울주,2026.01.16,최초,1,0.0-0.15,법정지목,1지역,1지역,UJS-B043,UJS-B043-01,,35.6,,,155.5,,,,,,,,,,,,,,,,,,,,
480,B,울산울주,2026.01.16,추가,2,0.15-0.3,법정지목,1지역,1지역,UJS-B043,UJS-B043-02,,42.4,,,175.8,,,,,,,,,,,,,,,,,,,,
481,B,울산울주,2026.01.16,추가,3,0.3-0.6,법정지목,1지역,1지역,UJS-B043,UJS-B043-03,,62.6,,,259.9,,,,,,,,,,,,,,,,,,,,
482,B,울산울주,2026.01.16,추가,4,0.6-1.0,법정지목,1지역,1지역,UJS-B043,UJS-B043-04,,53.9,,,208.6,,,,,,,,,,,,,,,,,,,,
483,B,울산울주,2026.01.16,최초,1,0.0-0.15,법정지목,1지역,1지역,UJS-B045,UJS-B045-01,,30.3,,,36.9,,,,,,,,,,,,,,,,,,,,
484,B,울산울주,2026.01.16,추가,2,0.15-0.3,법정지목,1지역,1지역,UJS-B045,UJS-B045-02,,21.6,,,34.3,,,,,,,,,,,,,,,,,,,,
485,B,울산울주,2026.01.16,추가,3,0.3-0.6,법정지목,1지역,1지역,UJS-B045,UJS-B045-03,,19.7,,,22.8,,,,,,,,,,,,,,,,,,,,
486,B,울산울주,2026.01.16,추가,4,0.6-1.0,법정지목,1지역,1지역,UJS-B045,UJS-B045-04,,19.9,,,19.1,,,,,,,,,,,,,,,,,,,,
487,B,울산울주,2026.01.16,최초,1,0.0-0.15,법정지목,2지역,2지역,UJS-B051,UJS-B051-01,,,,,,,,,,,,,,,0,0,0,0,0,,,,,,
488,B,울산울주,2026.01.16,추가,2,0.15-1.0,법정지목,2지역,2지역,UJS-B051,UJS-B051-02,,,,,,,,,,,,,,,0,0,0,0,0,,,,,,
489,B,울산울주,2026.01.16,추가,3,1.0-2.0,법정지목,2지역,2지역,UJS-B051,UJS-B051-03,,,,,,,,,,,,,,,0,0,0,0,0,,,,,,
490,B,울산울주,2026.01.16,추가,4,2.0-3.0,법정지목,2지역,2지역,UJS-B051,UJS-B051-04,,,,,,,,,,,,,,,0,0,0,0,0,,,,,,
